client_id,Variation
4033851,Control
9294070,Control
6651403,Control
2105948,Control
9814849,Control
7286739,Control
4446011,Control
4229407,Control
2842481,Control
1218661,Control
1712929,Control
800925,Control
1242238,Control
9477476,Control
1338778,Control
6584990,Control
7040762,Control
5169372,Control
5267250,Control
3751049,Control
9912156,Control
229701,Control
2818303,Control
9358626,Control
4773291,Control
4953263,Control
3754789,Control
3066535,Control
9545426,Control
4778144,Control
2000786,Control
6986475,Control
7996704,Control
4213800,Control
1763518,Control
2437471,Control
7289266,Control
598943,Control
8861901,Control
6853744,Control
1404893,Control
9336495,Control
4744361,Control
9628154,Control
9293919,Control
2565373,Control
6071019,Control
8188670,Control
6216233,Control
4747144,Control
8313694,Control
2679453,Control
7276973,Control
5256566,Control
1342790,Control
2769120,Control
8870709,Control
2145511,Control
461846,Control
4878112,Control
9414396,Control
6650565,Control
2062199,Control
7112284,Control
6141432,Control
2015197,Control
5429577,Control
1636347,Control
4577314,Control
6283739,Control
1423857,Control
2040881,Control
6547909,Control
203702,Control
2336869,Control
3638107,Control
391025,Control
7636277,Control
868124,Control
559169,Control
2276090,Control
3036660,Control
5546524,Control
7474517,Control
452583,Control
945176,Control
2889049,Control
668996,Control
8076294,Control
2797397,Control
6480779,Control
7340414,Control
5163125,Control
5821983,Control
1884538,Control
841242,Control
872142,Control
617840,Control
1929698,Control
965266,Control
8424645,Control
6819326,Control
2475049,Control
3081313,Control
493311,Control
8416851,Control
2852997,Control
9707270,Control
4772716,Control
9888375,Control
3827180,Control
1970830,Control
1640688,Control
8068308,Control
4638153,Control
1788838,Control
9997114,Control
3286605,Control
1064690,Control
2038707,Control
297472,Control
2160702,Control
2289897,Control
6960009,Control
2057773,Control
7523181,Control
860745,Control
219230,Control
3369137,Control
7479054,Control
4384098,Control
7582150,Control
3520993,Control
5645966,Control
9378146,Control
7007069,Control
3310785,Control
7423412,Control
588240,Control
7699381,Control
7046133,Control
6456062,Control
4823947,Control
8860992,Control
530654,Control
3347759,Control
7873338,Control
8696517,Control
3968370,Control
6597561,Control
7973780,Control
5119497,Control
3155140,Control
4827059,Control
304982,Control
9059531,Control
133101,Control
8988721,Control
6224299,Control
3217890,Control
9403921,Control
2356366,Control
453167,Control
372523,Control
7087847,Control
7422759,Control
5417457,Control
863704,Control
7441896,Control
4101033,Control
1180583,Control
413157,Control
7448926,Control
2657900,Control
4514754,Control
1673947,Control
3413971,Control
85097,Control
2262795,Control
8825647,Control
7337058,Control
3498908,Control
4630285,Control
8184247,Control
7787684,Control
4247007,Control
8620721,Control
1818956,Control
2211868,Control
3584819,Control
6303538,Control
897477,Control
8003648,Control
5456658,Control
2333006,Control
8277940,Control
4239711,Control
9635244,Control
9797297,Control
5176958,Control
1651697,Control
9103724,Control
7873226,Control
323950,Control
6781849,Control
7430424,Control
7458004,Control
5896556,Control
993682,Control
4036374,Control
8750191,Control
9004679,Control
4342700,Control
3011265,Control
6450029,Control
1314809,Control
7375067,Control
8604038,Control
2617114,Control
3436975,Control
3362712,Control
42296,Control
3695514,Control
1192384,Control
4590361,Control
1928906,Control
512833,Control
9089805,Control
2888193,Control
4778460,Control
6346672,Control
8283444,Control
4390568,Control
5848027,Control
8337830,Control
3045158,Control
6747525,Control
7258442,Control
1486118,Control
7037852,Control
6767637,Control
8735726,Control
1983898,Control
8930597,Control
1892008,Control
1468125,Control
3025507,Control
9842475,Control
4343885,Control
7475482,Control
8526665,Control
9865882,Control
4717090,Control
3412472,Control
4448805,Control
9231655,Control
5027124,Control
1432979,Control
3671491,Control
9748979,Control
9513138,Control
2681612,Control
851930,Control
6833110,Control
4960901,Control
209511,Control
741785,Control
2855888,Control
9083686,Control
2645953,Control
903457,Control
2763314,Control
5212054,Control
1344819,Control
8681644,Control
2675819,Control
8852099,Control
2900782,Control
2963107,Control
8862044,Control
7433366,Control
133487,Control
4503552,Control
3089722,Control
9641810,Control
6332820,Control
2623927,Control
7878552,Control
7633966,Control
3502824,Control
1399670,Control
1696504,Control
7597104,Control
4211505,Control
3982600,Control
3387907,Control
4857096,Control
5240348,Control
9219098,Control
6521093,Control
3421393,Control
2025761,Control
6740819,Control
6053599,Control
7606536,Control
3206726,Control
2128160,Control
1194245,Control
8295735,Control
312984,Control
2839247,Control
5732744,Control
5363445,Control
6981798,Control
8031718,Control
1262291,Control
8770403,Control
1348442,Control
3861702,Control
4693102,Control
9542428,Control
4608580,Control
2263719,Control
8555070,Control
2787512,Control
9534176,Control
7460349,Control
8501430,Control
7804581,Control
8095423,Control
6374406,Control
9837096,Control
9112089,Control
7887156,Control
743037,Control
3825646,Control
9696533,Control
4743022,Control
6033805,Control
7690775,Control
466526,Control
5688104,Control
1410997,Control
6662941,Control
625038,Control
2502567,Control
2570257,Control
8117339,Control
9292612,Control
9624621,Control
5670374,Control
5520127,Control
8360249,Control
4825054,Control
5619517,Control
2044540,Control
8213521,Control
5593356,Control
1011972,Control
6559023,Control
1255014,Control
3314416,Control
8219792,Control
4577049,Control
4202537,Control
8792675,Control
3030274,Control
5395303,Control
122493,Control
1181698,Control
9265934,Control
9441056,Control
9017041,Control
2815061,Control
8550901,Control
6586655,Control
435580,Control
6461191,Control
6670730,Control
3861021,Control
4052287,Control
8512863,Control
9749944,Control
5819620,Control
1790923,Control
6097361,Control
7105238,Control
981261,Control
3976933,Control
8627399,Control
1033888,Control
7512282,Control
5569364,Control
7977593,Control
8470878,Control
7303592,Control
2465426,Control
4635518,Control
8605014,Control
9382137,Control
5328442,Control
2619480,Control
7421893,Control
9202764,Control
1296904,Control
6372831,Control
4313319,Control
542563,Control
9076766,Control
6410961,Control
3050600,Control
8945602,Control
1061161,Control
6580601,Control
2671815,Control
8794099,Control
1647261,Control
3579822,Control
8156741,Control
5033489,Control
2983878,Control
3461541,Control
6434694,Control
5171763,Control
3944371,Control
2722950,Control
7218675,Control
3009581,Control
8091872,Control
1925220,Control
9910098,Control
983122,Control
8249646,Control
9058579,Control
3010914,Control
7021345,Control
1546314,Control
7068149,Control
4519160,Control
7429772,Control
3956597,Control
3052488,Control
8758402,Control
9664272,Control
6905463,Control
1144410,Control
9932367,Control
3317334,Control
5512354,Control
7889092,Control
7060702,Control
8569065,Control
6030486,Control
6280351,Control
2108691,Control
2599976,Control
2853115,Control
4554752,Control
8968789,Control
3291778,Control
7059333,Control
5188022,Control
6884073,Control
4780398,Control
2152873,Control
9129878,Control
4023943,Control
521003,Control
464620,Control
1596808,Control
6578023,Control
9595233,Control
6793640,Control
409450,Control
2802293,Control
6911162,Control
2035117,Control
6362594,Control
8462755,Control
766467,Control
7829434,Control
1003061,Control
4516267,Control
71476,Control
5599391,Control
864721,Control
837625,Control
1735341,Control
3216999,Control
9542949,Control
9894399,Control
934442,Control
4363111,Control
9340301,Control
9967085,Control
9573768,Control
160938,Control
2674649,Control
3399215,Control
6804613,Control
7471769,Control
65845,Control
1732360,Control
6591984,Control
2044842,Control
5457890,Control
6455115,Control
180404,Control
2622312,Control
8962467,Control
6061376,Control
3570669,Control
7477624,Control
6282795,Control
6324067,Control
5432649,Control
331379,Control
287756,Control
3495059,Control
1949154,Control
4219577,Control
7688646,Control
8728382,Control
7463451,Control
7543252,Control
6191302,Control
3531620,Control
7283635,Control
7680107,Control
2133839,Control
3016724,Control
161491,Control
6106468,Control
3239523,Control
5322608,Control
9128593,Control
4706669,Control
6431498,Control
5841499,Control
3703282,Control
3571495,Control
451443,Control
8463084,Control
3836344,Control
3669611,Control
8939444,Control
5644756,Control
4305565,Control
5089039,Control
8965532,Control
8753196,Control
6407208,Control
2796936,Control
4087981,Control
1324064,Control
637858,Control
9638466,Control
1527623,Control
9603341,Control
3418762,Control
2353193,Control
4917803,Control
6742624,Control
1758566,Control
9716117,Control
9416337,Control
8201398,Control
5715241,Control
6388327,Control
8696157,Control
4744245,Control
9612831,Control
233601,Control
8482662,Control
174806,Control
5919352,Control
7397258,Control
1311965,Control
37408,Control
269636,Control
5472730,Control
2825830,Control
9740561,Control
7024149,Control
6379127,Control
7602354,Control
6019257,Control
9750016,Control
1756663,Control
6267076,Control
196053,Control
6741529,Control
5060221,Control
2968554,Control
3132213,Control
152356,Control
8097000,Control
2363857,Control
31502,Control
6494639,Control
8136342,Control
3874722,Control
7276456,Control
2563749,Control
8597519,Control
8254513,Control
775176,Control
1842343,Control
329631,Control
4542043,Control
7957690,Control
8069676,Control
7344865,Control
825852,Control
2712519,Control
5738894,Control
2806504,Control
282077,Control
3770237,Control
6195846,Control
1900411,Control
5662925,Control
8705202,Control
981888,Control
8902463,Control
7583640,Control
8413740,Control
8171000,Control
5112619,Control
5057948,Control
6932133,Control
2558031,Control
6601606,Control
9993047,Control
2077336,Control
7031386,Control
254491,Control
7923876,Control
1154031,Control
1662843,Control
5790286,Control
823482,Control
3673713,Control
770147,Control
6396865,Control
6571403,Control
8014451,Control
685442,Control
3188445,Control
3449302,Control
8182204,Control
8627381,Control
8151693,Control
6168374,Control
5555638,Control
41516,Control
5552819,Control
2763758,Control
240400,Control
7143633,Control
6735099,Control
9404539,Control
9923389,Control
503051,Control
6542682,Control
2572041,Control
5875727,Control
4914129,Control
2010851,Control
6623614,Control
9101443,Control
353727,Control
379137,Control
2898817,Control
786681,Control
941279,Control
581882,Control
2937724,Control
773462,Control
7893040,Control
3423690,Control
2153015,Control
8538953,Control
6490503,Control
515712,Control
2395001,Control
533320,Control
118415,Control
270682,Control
3407926,Control
2620242,Control
8671775,Control
8486603,Control
4187527,Control
356783,Control
6796179,Control
1636131,Control
9618925,Control
6199688,Control
6340179,Control
6343693,Control
7538120,Control
148037,Control
7852915,Control
963164,Control
3592062,Control
6292773,Control
6949668,Control
7059321,Control
5609004,Control
4296623,Control
2387182,Control
3382714,Control
9772972,Control
4752282,Control
2482224,Control
8115079,Control
6571686,Control
4391047,Control
4350833,Control
8166616,Control
7136865,Control
9409908,Control
8985316,Control
5777036,Control
5261313,Control
6255565,Control
6253802,Control
5968033,Control
144773,Control
1770552,Control
4852240,Control
5625895,Control
6581703,Control
7044580,Control
8002672,Control
4646433,Control
9816717,Control
5598911,Control
8498591,Control
7385999,Control
5757723,Control
4992306,Control
1181777,Control
204361,Control
4972552,Control
5021259,Control
2411318,Control
267299,Control
1667795,Control
1830511,Control
7511654,Control
9424502,Control
1194408,Control
3710720,Control
612481,Control
428188,Control
5469096,Control
5037795,Control
1759261,Control
673672,Control
3698628,Control
9787741,Control
1032721,Control
4453547,Control
7013769,Control
86616,Control
8514305,Control
3077416,Control
7803457,Control
9041483,Control
4373203,Control
7470426,Control
1051377,Control
9198825,Control
9709954,Control
6126502,Control
7054527,Control
8767041,Control
3766933,Control
7582587,Control
822741,Control
7991318,Control
5316428,Control
9100219,Control
4674528,Control
3927920,Control
8635406,Control
4777945,Control
7451853,Control
7182819,Control
3385688,Control
356363,Control
3640838,Control
882187,Control
9031350,Control
9481495,Control
5844424,Control
9907037,Control
2794902,Control
9244149,Control
8881398,Control
2545621,Control
607427,Control
2700187,Control
1810029,Control
6226635,Control
9750214,Control
1459001,Control
2477549,Control
7512804,Control
3831166,Control
8586276,Control
4028430,Control
9010076,Control
6444330,Control
3788589,Control
2466669,Control
3250807,Control
2549128,Control
6028020,Control
1986539,Control
5865838,Control
8875616,Control
242922,Control
7590603,Control
2287580,Control
3923067,Control
5412643,Control
6822246,Control
7686541,Control
1892368,Control
6149800,Control
6983917,Control
9996404,Control
480944,Control
4701960,Control
3154922,Control
3173824,Control
1176152,Control
7277156,Control
1675926,Control
591482,Control
5341221,Control
3069127,Control
9002320,Control
3387213,Control
6630494,Control
5570866,Control
4582892,Control
8876250,Control
861868,Control
4701250,Control
9937975,Control
8055629,Control
218903,Control
2952186,Control
3720127,Control
2195967,Control
1346930,Control
4244465,Control
1213731,Control
761733,Control
7783740,Control
8087904,Control
6770720,Control
3362285,Control
1787893,Control
6499575,Control
8605475,Control
8482912,Control
3357999,Control
9771204,Control
623101,Control
1430839,Control
9928657,Control
7732650,Control
2580200,Control
9045790,Control
6885985,Control
7926426,Control
5890995,Control
7266777,Control
460505,Control
6796201,Control
1996689,Control
5554678,Control
4438069,Control
3500934,Control
2365141,Control
6862397,Control
8942980,Control
5114108,Control
351093,Control
126171,Control
2791866,Control
6888356,Control
1356002,Control
3806065,Control
5007915,Control
5194608,Control
3466478,Control
4561584,Control
9577370,Control
1410425,Control
5749929,Control
4702480,Control
364039,Control
3830629,Control
5971471,Control
2466307,Control
3399237,Control
5977906,Control
918500,Control
3647,Control
2058971,Control
619342,Control
5430280,Control
1225544,Control
9403797,Control
4282258,Control
2559643,Control
1332220,Control
6768889,Control
2747302,Control
5204398,Control
6351585,Control
5105149,Control
1279440,Control
5742686,Control
3798807,Control
2689442,Control
847857,Control
6382317,Control
7825997,Control
9245893,Control
5612493,Control
1650908,Control
6615461,Control
9331765,Control
9568221,Control
492655,Control
694766,Control
29595,Control
6739923,Control
2695688,Control
517259,Control
4275135,Control
4723532,Control
4829849,Control
1901368,Control
5433338,Control
2652105,Control
1260052,Control
5777346,Control
7366477,Control
9189058,Control
3233686,Control
6125341,Control
6213231,Control
8486666,Control
2629116,Control
6435836,Control
6544888,Control
4190539,Control
3750841,Control
3950663,Control
3700826,Control
6029258,Control
2020501,Control
4589552,Control
9061056,Control
8160451,Control
3751050,Control
4569203,Control
6777869,Control
8889840,Control
3831678,Control
2820987,Control
3885331,Control
2493350,Control
7463154,Control
1239722,Control
7122374,Control
5149271,Control
5145224,Control
6727416,Control
5800745,Control
1939550,Control
3307527,Control
4476742,Control
888529,Control
4230817,Control
1352216,Control
8442245,Control
8040332,Control
43766,Control
460912,Control
1484467,Control
8290239,Control
8402909,Control
1731140,Control
4054538,Control
1146114,Control
7080124,Control
9004289,Control
8159840,Control
1672032,Control
7928596,Control
6000156,Control
9970264,Control
4647580,Control
7167518,Control
168940,Control
7390660,Control
2403493,Control
1633376,Control
136986,Control
8829649,Control
3398321,Control
4519913,Control
4063405,Control
6232074,Control
9937269,Control
6047255,Control
7337867,Control
1113765,Control
1361156,Control
25766,Control
6707552,Control
7484370,Control
7539703,Control
2888690,Control
468552,Control
6516253,Control
2346970,Control
892794,Control
9118111,Control
3701316,Control
451019,Control
1557790,Control
465367,Control
2129448,Control
208722,Control
5700388,Control
8315431,Control
1649221,Control
2120119,Control
5194510,Control
3334550,Control
4916223,Control
6888629,Control
861392,Control
1113707,Control
3141257,Control
8525803,Control
6949770,Control
128983,Control
6227816,Control
2504179,Control
4740322,Control
3662912,Control
669111,Control
3307754,Control
9342924,Control
8152115,Control
9103512,Control
6058024,Control
8673902,Control
6224380,Control
5742352,Control
6156362,Control
9406349,Control
6701737,Control
8530901,Control
8865699,Control
5548724,Control
2813653,Control
5638347,Control
1781226,Control
1221967,Control
9575481,Control
7663095,Control
8553099,Control
7968992,Control
157852,Control
27021,Control
3443827,Control
5763299,Control
9289178,Control
6997825,Control
7019864,Control
6433377,Control
3608206,Control
2395006,Control
8331742,Control
2395779,Control
518097,Control
8170337,Control
6997573,Control
8448636,Control
2734383,Control
1873829,Control
5488621,Control
126090,Control
6355166,Control
1946236,Control
191749,Control
4937056,Control
8315689,Control
7656799,Control
7816047,Control
3940649,Control
8124451,Control
4253705,Control
8042778,Control
5788539,Control
7872884,Control
3145003,Control
7009981,Control
7598836,Control
6598485,Control
50692,Control
7190064,Control
1887639,Control
1869973,Control
2931057,Control
4901308,Control
7698174,Control
1855398,Control
7058363,Control
5141165,Control
8064588,Control
6565725,Control
2831452,Control
672484,Control
3116584,Control
9681771,Control
1507359,Control
7723642,Control
5077676,Control
7062479,Control
6864754,Control
3510532,Control
9025077,Control
9436371,Control
9552319,Control
9856717,Control
7320878,Control
9281398,Control
5864399,Control
5249755,Control
9191139,Control
6685352,Control
6427730,Control
6879669,Control
1827406,Control
4371606,Control
8471139,Control
1906211,Control
4696610,Control
4744151,Control
5749834,Control
4345846,Control
4715511,Control
1183663,Control
6275547,Control
590121,Control
179489,Control
5578646,Control
3965494,Control
5647732,Control
9273012,Control
9386447,Control
4533691,Control
400621,Control
133631,Control
7933700,Control
1548295,Control
9398460,Control
3574698,Control
3979917,Control
8483908,Control
1133006,Control
1029502,Control
6144296,Control
2422177,Control
9543769,Control
3564724,Control
9441561,Control
2785779,Control
5707612,Control
1709923,Control
1075613,Control
3742706,Control
7985391,Control
5915017,Control
7056998,Control
7359857,Control
682367,Control
6351678,Control
2863360,Control
4520299,Control
7952920,Control
614978,Control
450614,Control
7305586,Control
7391082,Control
6504585,Control
7533358,Control
1741236,Control
3941526,Control
9468174,Control
8606507,Control
8517544,Control
1366802,Control
4177841,Control
1265437,Control
1110622,Control
6576648,Control
4885405,Control
8737107,Control
7294595,Control
3736324,Control
5244585,Control
6336914,Control
3283879,Control
2613840,Control
2075007,Control
7098405,Control
3730736,Control
9282426,Control
5079615,Control
6298404,Control
5258269,Control
3168385,Control
7577463,Control
2288638,Control
568159,Control
1991963,Control
4139631,Control
7343199,Control
2067466,Control
8700218,Control
8095818,Control
3181060,Control
7872084,Control
9161780,Control
2788033,Control
9256349,Control
1303379,Control
6710265,Control
5997731,Control
2500352,Control
7418794,Control
675167,Control
5939099,Control
9152586,Control
1420660,Control
6725918,Control
3476892,Control
727016,Control
1139805,Control
6871269,Control
9824309,Control
5851688,Control
7145486,Control
9744503,Control
1195,Control
5880385,Control
9379016,Control
1919346,Control
3728532,Control
7211752,Control
951910,Control
8791189,Control
277875,Control
6731654,Control
1035115,Control
6311942,Control
6472361,Control
835985,Control
8161704,Control
9362919,Control
7565793,Control
9709813,Control
6283380,Control
666049,Control
9152344,Control
9730777,Control
8783587,Control
4145904,Control
4257130,Control
9163836,Control
9107799,Control
8715267,Control
8273085,Control
1927544,Control
8761665,Control
7574065,Control
6866442,Control
5951127,Control
3252191,Control
1240190,Control
1159819,Control
4625714,Control
1698311,Control
5865037,Control
7717237,Control
6634826,Control
9627002,Control
1616184,Control
4023983,Control
3739438,Control
51814,Control
6972505,Control
3274136,Control
9034572,Control
1588483,Control
3882881,Control
9673536,Control
5696039,Control
9220017,Control
4179288,Control
4952273,Control
9799728,Control
4382517,Control
9976102,Control
3451071,Control
3683394,Control
3689957,Control
7306047,Control
9119907,Control
528496,Control
7763597,Control
6531629,Control
1130170,Control
8596299,Control
9387746,Control
5552661,Control
9267234,Control
649643,Control
7042897,Control
6717435,Control
2992443,Control
9502210,Control
4822934,Control
8671792,Control
2931528,Control
4814310,Control
1221160,Control
9479474,Control
4119087,Control
7355972,Control
9577290,Control
2203401,Control
160616,Control
1163998,Control
4727272,Control
8412223,Control
5300098,Control
8365378,Control
5625527,Control
3671973,Control
4739615,Control
9013993,Control
7662927,Control
2050885,Control
6535723,Control
4864139,Control
1019589,Control
5952641,Control
5433522,Control
9305815,Control
868443,Control
653514,Control
7379141,Control
5820328,Control
2866912,Control
416876,Control
8537968,Control
5156720,Control
5794987,Control
9812753,Control
7728720,Control
8178009,Control
3351420,Control
6773877,Control
5687007,Control
5970242,Control
1346799,Control
976546,Control
2000326,Control
4910229,Control
3271713,Control
806546,Control
8015112,Control
5275149,Control
9439343,Control
1266731,Control
4699938,Control
2795570,Control
4468780,Control
8728746,Control
5182958,Control
7071370,Control
5117722,Control
325301,Control
1608093,Control
2725837,Control
3675878,Control
8072602,Control
2170845,Control
9944156,Control
7365634,Control
2165764,Control
904844,Control
3902353,Control
3576276,Control
7495691,Control
9255104,Control
4449433,Control
7913947,Control
8052520,Control
6549914,Control
3450870,Control
1148502,Control
5114480,Control
1913649,Control
8385830,Control
2001189,Control
6103015,Control
2570380,Control
287737,Control
4805558,Control
4967237,Control
4359763,Control
7006564,Control
6618281,Control
1384451,Control
4864043,Control
7175242,Control
9994407,Control
6260467,Control
6917276,Control
6052976,Control
1915796,Control
6854608,Control
9851327,Control
6142623,Control
8062247,Control
2604064,Control
7323516,Control
3909705,Control
7850280,Control
5894785,Control
1704369,Control
7395578,Control
7353047,Control
178853,Control
8374114,Control
644419,Control
2813719,Control
2846646,Control
9358241,Control
6686652,Control
4421378,Control
3797711,Control
4711787,Control
3313640,Control
9488244,Control
5896881,Control
6678628,Control
9542549,Control
9505917,Control
2523295,Control
7192131,Control
8826443,Control
8593784,Control
9739317,Control
5552032,Control
4860123,Control
9839402,Control
2472691,Control
4806778,Control
7176508,Control
7181488,Control
3934723,Control
8823843,Control
4157037,Control
4789802,Control
9450242,Control
8737272,Control
1433566,Control
8544346,Control
4722893,Control
8222962,Control
4526579,Control
1472853,Control
3781719,Control
4675073,Control
4933712,Control
5807332,Control
4221338,Control
1194972,Control
6893118,Control
1794890,Control
1536089,Control
9745379,Control
5821350,Control
6537109,Control
8793646,Control
9517859,Control
3007459,Control
9165808,Control
5765540,Control
4646536,Control
7742323,Control
9899911,Control
9869094,Control
9997391,Control
5452128,Control
8199837,Control
1891378,Control
7992906,Control
8056722,Control
2102012,Control
4034516,Control
7255648,Control
2385412,Control
173784,Control
4723605,Control
937927,Control
7810283,Control
1335100,Control
5512916,Control
6097581,Control
2581399,Control
5498929,Control
27241,Control
9948160,Control
9247136,Control
2838107,Control
7689327,Control
1689862,Control
2026557,Control
5883955,Control
9945309,Control
8557304,Control
4026139,Control
2858768,Control
3115591,Control
5665278,Control
4859191,Control
347076,Control
8755578,Control
2621982,Control
3087957,Control
6747431,Control
8699444,Control
8509607,Control
3905654,Control
8571229,Control
3794106,Control
956435,Control
1634020,Control
8063400,Control
4441240,Control
2465241,Control
8203675,Control
8837888,Control
4602276,Control
3149390,Control
8083759,Control
8794256,Control
4246419,Control
4958726,Control
3009921,Control
6830216,Control
1463931,Control
1245483,Control
8406972,Control
3278460,Control
490297,Control
2414386,Control
3449388,Control
97322,Control
447494,Control
322174,Control
8747032,Control
9936134,Control
9528790,Control
7830819,Control
9615396,Control
9273923,Control
7007284,Control
5937094,Control
6610470,Control
8102225,Control
5986260,Control
690874,Control
9213240,Control
6842137,Control
4947069,Control
9568973,Control
5707180,Control
1126971,Control
6100621,Control
7271110,Control
1794745,Control
5002060,Control
917338,Control
5107877,Control
9414732,Control
5148031,Control
7432524,Control
3629514,Control
6630645,Control
5253882,Control
3562906,Control
2475916,Control
9454300,Control
6460756,Control
1617973,Control
8381023,Control
2974446,Control
3214949,Control
7141861,Control
5146401,Control
9630926,Control
2962779,Control
1682543,Control
4746492,Control
4155983,Control
5923022,Control
191373,Control
3640937,Control
6461412,Control
6394395,Control
1885569,Control
3123566,Control
3323753,Control
1592419,Control
8808704,Control
2573038,Control
1969160,Control
3278160,Control
1438266,Control
5582298,Control
7178945,Control
9331760,Control
9516012,Control
700784,Control
5039627,Control
8864425,Control
1270030,Control
4952168,Control
6474909,Control
1298895,Control
3840858,Control
9199824,Control
7685503,Control
8310955,Control
9493430,Control
9141642,Control
5411676,Control
4174800,Control
2990600,Control
5931801,Control
540970,Control
2947829,Control
7536655,Control
9760675,Control
4993511,Control
9098405,Control
8514205,Control
4133405,Control
639779,Control
24079,Control
2918665,Control
3842338,Control
360872,Control
5401815,Control
9917115,Control
7705056,Control
6900644,Control
286117,Control
8538565,Control
4658967,Control
5477996,Control
5159617,Control
4372327,Control
3598499,Control
6871417,Control
1969696,Control
9120871,Control
8375740,Control
7506104,Control
3675237,Control
1806584,Control
7395738,Control
1223307,Control
6501980,Control
6095271,Control
9838801,Control
8826775,Control
198773,Control
904711,Control
2451899,Control
8051768,Control
5076403,Control
6512809,Control
6279810,Control
8212764,Control
5727076,Control
2791546,Control
7067317,Control
4604208,Control
71626,Control
6328967,Control
2610417,Control
6705192,Control
2382409,Control
7679428,Control
8790044,Control
4876761,Control
7133081,Control
8023221,Control
1817013,Control
8172442,Control
5831505,Control
4474245,Control
6090460,Control
6808844,Control
4501253,Control
3648823,Control
8850142,Control
3414059,Control
3685506,Control
9747532,Control
467367,Control
626254,Control
9549111,Control
2325224,Control
1619073,Control
2678849,Control
7274590,Control
2512034,Control
1038683,Control
3975000,Control
4304665,Control
4043662,Control
4172424,Control
7201928,Control
427194,Control
3507472,Control
190197,Control
4113740,Control
4042775,Control
2360532,Control
185553,Control
2509051,Control
9974438,Control
5306811,Control
3597994,Control
7910948,Control
4515989,Control
2041757,Control
9941169,Control
1473265,Control
1978167,Control
4285798,Control
9094877,Control
6767899,Control
8974887,Control
8673328,Control
9748092,Control
3275639,Control
7272223,Control
6388263,Control
9234878,Control
3376865,Control
591595,Control
1838909,Control
2615381,Control
1969515,Control
196675,Control
4085599,Control
3000430,Control
7319663,Control
5038499,Control
9134161,Control
4469087,Control
9073501,Control
6541273,Control
6774658,Control
337729,Control
1817759,Control
6764551,Control
9238028,Control
1651429,Control
7139930,Control
3663962,Control
4087259,Control
4119989,Control
2512607,Control
9343396,Control
6876030,Control
7192737,Control
3467900,Control
5668555,Control
2945669,Control
855556,Control
6962526,Control
8128770,Control
64871,Control
8554834,Control
2100717,Control
4107255,Control
6232040,Control
2226956,Control
2016971,Control
8762174,Control
3258618,Control
8627548,Control
8542524,Control
762846,Control
5907345,Control
8593299,Control
6551583,Control
5530388,Control
8272661,Control
8636919,Control
5217472,Control
2508266,Control
252085,Control
3113614,Control
3846557,Control
2432399,Control
4940498,Control
5194745,Control
7116465,Control
7986451,Control
712670,Control
6460031,Control
8817820,Control
2391727,Control
1013311,Control
2458943,Control
9799677,Control
9157623,Control
4549867,Control
6071038,Control
671304,Control
5521684,Control
3963721,Control
423508,Control
959075,Control
9645775,Control
3652116,Control
8082454,Control
8807923,Control
7938527,Control
9358513,Control
4985930,Control
9900704,Control
8485725,Control
3650618,Control
1814940,Control
5524226,Control
4671619,Control
9159121,Control
5505977,Control
9661253,Control
5931603,Control
9939805,Control
634557,Control
862662,Control
8510293,Control
5194828,Control
9898856,Control
9255097,Control
7856876,Control
5845017,Control
4969155,Control
4547552,Control
5312008,Control
8877399,Control
7001799,Control
5376682,Control
550276,Control
2188558,Control
5523886,Control
2438282,Control
9151400,Control
735409,Control
4846045,Control
6652997,Control
3957228,Control
8146476,Control
553718,Control
3098068,Control
9289988,Control
9727712,Control
546110,Control
9400650,Control
641191,Control
2551318,Control
3624351,Control
2304486,Control
4197208,Control
6180865,Control
9099523,Control
2998840,Control
1733507,Control
7552835,Control
2495855,Control
5752256,Control
6240210,Control
5961337,Control
5330825,Control
2883141,Control
3709215,Control
1046915,Control
4072010,Control
9280081,Control
5830544,Control
244897,Control
1354915,Control
2428045,Control
3403632,Control
2010561,Control
7954907,Control
5422947,Control
2748973,Control
3784014,Control
5259513,Control
2903734,Control
824824,Control
3743282,Control
7980976,Control
9351949,Control
54363,Control
2532676,Control
6126433,Control
1445252,Control
9935799,Control
987596,Control
1538798,Control
4670573,Control
5018608,Control
7319108,Control
8492978,Control
9741252,Control
2196116,Control
9088621,Control
8819468,Control
7843008,Control
9066145,Control
3461707,Control
1281539,Control
1418730,Control
6438329,Control
6462575,Control
9391701,Control
6547872,Control
9183400,Control
3617710,Control
5023798,Control
7839097,Control
606892,Control
2621063,Control
9242111,Control
2712440,Control
1602451,Control
8255751,Control
6692718,Control
8737456,Control
8496064,Control
7334644,Control
842300,Control
3514576,Control
1147840,Control
5942983,Control
7845532,Control
1809326,Control
5284235,Control
1973917,Control
3402314,Control
5154317,Control
2634756,Control
2365879,Control
8893867,Control
3834001,Control
7769650,Control
925783,Control
1025949,Control
5840107,Control
2327007,Control
3898390,Control
6940939,Control
3291122,Control
6431926,Control
5586669,Control
8118305,Control
6753738,Control
7192218,Control
6929632,Control
7354807,Control
9962929,Control
5336960,Control
4374598,Control
9129948,Control
981961,Control
3979168,Control
5317548,Control
2945880,Control
2355748,Control
2000438,Control
1221189,Control
5264326,Control
4435683,Control
5892672,Control
6945986,Control
5794104,Control
4789377,Control
7765885,Control
8357730,Control
6898877,Control
9090172,Control
511378,Control
2758391,Control
7738852,Control
5985489,Control
8816018,Control
8390041,Control
2289925,Control
3755533,Control
8919279,Control
5586086,Control
1756570,Control
7248297,Control
7520504,Control
3423009,Control
3704541,Control
9553121,Control
6480877,Control
3004070,Control
9804188,Control
2704884,Control
6971584,Control
1812408,Control
3205096,Control
3899244,Control
7694434,Control
3453846,Control
5002241,Control
9529806,Control
8306812,Control
1291720,Control
5226409,Control
3219916,Control
9322395,Control
2533757,Control
6756488,Control
6182851,Control
9445423,Control
5036234,Control
5372927,Control
5621185,Control
6493019,Control
4520087,Control
5644420,Control
2776862,Control
3629384,Control
1474113,Control
3718687,Control
4577208,Control
6820760,Control
8323802,Control
88759,Control
2866462,Control
4964637,Control
2040428,Control
550819,Control
1849620,Control
1342161,Control
7258312,Control
9500269,Control
2530807,Control
1646855,Control
6177885,Control
3526820,Control
8050505,Control
7313442,Control
5905486,Control
9522306,Control
135842,Control
7832460,Control
5487809,Control
6855706,Control
872056,Control
4012869,Control
1169482,Control
4842605,Control
3467126,Control
9672983,Control
8059559,Control
1870359,Control
6173510,Control
7494176,Control
9597398,Control
6968092,Control
2126773,Control
2409434,Control
6052684,Control
3671190,Control
1096880,Control
9114215,Control
630512,Control
6181079,Control
4162600,Control
9902877,Control
1646603,Control
7599880,Control
7390255,Control
668531,Control
5319951,Control
5502002,Control
5601718,Control
1013414,Control
3767197,Control
2446381,Control
9747569,Control
6351681,Control
5100333,Control
3554093,Control
1659118,Control
9923115,Control
602591,Control
7308078,Control
1454475,Control
2411177,Control
4314400,Control
7494942,Control
609702,Control
7019926,Control
3150881,Control
5241540,Control
9927522,Control
5674698,Control
3469614,Control
6372038,Control
6225990,Control
6530035,Control
3726879,Control
9097687,Control
1040359,Control
3701649,Control
5384503,Control
9889459,Control
3815935,Control
5262119,Control
2045087,Control
9815454,Control
695870,Control
9746326,Control
4883056,Control
7989532,Control
547252,Control
1015395,Control
2050840,Control
1429436,Control
3304493,Control
7596048,Control
3289903,Control
7509925,Control
4644384,Control
4394876,Control
9042035,Control
5959025,Control
2091601,Control
4220737,Control
8392925,Control
1652959,Control
4096660,Control
4740341,Control
2512392,Control
9492376,Control
5147748,Control
6461863,Control
2684246,Control
5128971,Control
8921353,Control
1360394,Control
6649090,Control
4885016,Control
681364,Control
6040024,Control
425987,Control
289514,Control
6631558,Control
5188935,Control
7280433,Control
6768887,Control
6651826,Control
1666301,Control
7935827,Control
8576266,Control
9721206,Control
7331585,Control
7691363,Control
6454945,Control
3989683,Control
2413649,Control
6076878,Control
5804408,Control
7608559,Control
6601169,Control
553978,Control
4808542,Control
6663540,Control
9463714,Control
9948098,Control
3214725,Control
3209230,Control
9696365,Control
5343695,Control
8143975,Control
1346171,Control
9130631,Control
9786601,Control
3084562,Control
4758953,Control
3827341,Control
6899350,Control
8992067,Control
6985473,Control
8651158,Control
5023917,Control
4137955,Control
2332019,Control
2465119,Control
3143164,Control
8987981,Control
9766137,Control
9176964,Control
5454052,Control
4272044,Control
339004,Control
189267,Control
8806587,Control
5766096,Control
5644486,Control
9056335,Control
4754246,Control
496578,Control
5189871,Control
1311685,Control
7943230,Control
4980713,Control
2711987,Control
1666275,Control
1890387,Control
6532430,Control
3967891,Control
7176334,Control
636947,Control
971468,Control
7775561,Control
9880923,Control
2162347,Control
6347295,Control
2882758,Control
5838650,Control
37064,Control
1275644,Control
6453294,Control
1286454,Control
7122703,Control
2442256,Control
2550598,Control
8730685,Control
3565517,Control
7064137,Control
8666285,Control
255743,Control
2339091,Control
4611094,Control
6367893,Control
8187622,Control
2975248,Control
9499259,Control
6189198,Control
6513992,Control
6375834,Control
5967656,Control
9470260,Control
541195,Control
5096028,Control
9035903,Control
7731412,Control
4010395,Control
3584557,Control
960818,Control
312165,Control
1453759,Control
3514119,Control
9602386,Control
9018602,Control
287006,Control
7523230,Control
8712617,Control
5549720,Control
2001068,Control
3109651,Control
694842,Control
3169324,Control
4324988,Control
8021819,Control
3044203,Control
3341414,Control
7609366,Control
5114008,Control
564967,Control
902294,Control
4559200,Control
4539701,Control
7180144,Control
2852661,Control
427512,Control
5667647,Control
8843800,Control
6441802,Control
89645,Control
4465770,Control
4204881,Control
1953978,Control
5683659,Control
9913653,Control
7601495,Control
6715932,Control
3247062,Control
6843544,Control
2826389,Control
6533052,Control
8912091,Control
5243476,Control
4799675,Control
5413866,Control
2555138,Control
1190394,Control
7498991,Control
4063853,Control
8948215,Control
3449157,Control
2149499,Control
6581133,Control
5062783,Control
9997125,Control
7733673,Control
4115540,Control
8921195,Control
1548193,Control
6959043,Control
7213738,Control
1710352,Control
1503437,Control
6942129,Control
3221598,Control
1516908,Control
4414112,Control
3994136,Control
3521202,Control
1977277,Control
1237798,Control
9046715,Control
3261941,Control
7442839,Control
6247972,Control
464597,Control
9412339,Control
4867970,Control
8422670,Control
5903086,Control
7017800,Control
3190934,Control
7668109,Control
2915003,Control
7348558,Control
9534819,Control
8164670,Control
3092256,Control
3097947,Control
1062412,Control
9582430,Control
6316795,Control
1705876,Control
9458953,Control
3924482,Control
6968462,Control
3697484,Control
6740416,Control
3981470,Control
8429235,Control
9693009,Control
1967815,Control
7245782,Control
1575877,Control
1132783,Control
1475249,Control
3728714,Control
8473085,Control
1520540,Control
7154845,Control
4566983,Control
5980953,Control
9034477,Control
8191345,Control
2385222,Control
4106356,Control
3637315,Control
3046703,Control
8286131,Control
3138864,Control
9502520,Control
6347963,Control
6454946,Control
1628625,Control
1841547,Control
1656103,Control
5988404,Control
4902684,Control
1051623,Control
3421040,Control
7355316,Control
9910551,Control
9358046,Control
2936364,Control
7666447,Control
3487311,Control
6106597,Control
5664923,Control
5052906,Control
1025015,Control
3763697,Control
9734167,Control
3432060,Control
8346558,Control
3678887,Control
7963462,Control
8145789,Control
7749310,Control
1551477,Control
5002058,Control
1282992,Control
6948219,Control
1641536,Control
4335091,Control
1913117,Control
2923342,Control
7140710,Control
1105200,Control
666453,Control
8945962,Control
3052516,Control
9602051,Control
7300039,Control
9205347,Control
4096272,Control
4298865,Control
2786282,Control
623486,Control
4018966,Control
1095564,Control
2036106,Control
8845667,Control
5250597,Control
3180864,Control
4649532,Control
3425925,Control
4430436,Control
4960154,Control
1582373,Control
4630332,Control
9789864,Control
9871076,Control
1757979,Control
9553206,Control
3745434,Control
9894476,Control
892783,Control
6461064,Control
1471261,Control
6603236,Control
9752107,Control
4341256,Control
3271450,Control
4771309,Control
1963605,Control
3335141,Control
4231726,Control
68170,Control
3569601,Control
7170897,Control
3711599,Control
7738605,Control
7758476,Control
1335216,Control
1639177,Control
21970,Control
4924852,Control
1472844,Control
2010706,Control
6076816,Control
6454722,Control
9640127,Control
3459755,Control
2506067,Control
7695537,Control
7379712,Control
6095210,Control
7788341,Control
8409515,Control
8023036,Control
8926491,Control
8675520,Control
151444,Control
7000550,Control
2775837,Control
8428699,Control
3749858,Control
8714032,Control
7573990,Control
3849449,Control
1769016,Control
1175946,Control
8370386,Control
1499103,Control
6121736,Control
8742611,Control
2038954,Control
4943766,Control
3510869,Control
6493085,Control
2880714,Control
8727076,Control
8105254,Control
9971000,Control
2309911,Control
3979107,Control
9220445,Control
624766,Control
4471612,Control
7222841,Control
7875730,Control
9811512,Control
9716767,Control
7464330,Control
1992490,Control
8463837,Control
4067631,Control
7220936,Control
4541268,Control
472433,Control
6947986,Control
2672504,Control
7312250,Control
3933525,Control
7211846,Control
1234786,Control
7137684,Control
3071537,Control
8951254,Control
1347489,Control
2518101,Control
8862912,Control
2320664,Control
4966213,Control
6389521,Control
1475481,Control
7883474,Control
392733,Control
7850061,Control
1984136,Control
4532949,Control
256199,Control
1035291,Control
2088315,Control
3584232,Control
612529,Control
7144492,Control
4671078,Control
9078686,Control
7592123,Control
9304012,Control
4467885,Control
5559740,Control
5251307,Control
6673743,Control
1993947,Control
6112016,Control
4267473,Control
3847684,Control
5623007,Control
9086783,Control
5200954,Control
7691516,Control
5442456,Control
7674704,Control
6872814,Control
1260653,Control
7735005,Control
1433405,Control
7949020,Control
5910364,Control
7994268,Control
5350856,Control
3735906,Control
689179,Control
4772286,Control
869577,Control
5728757,Control
3262664,Control
225675,Control
960463,Control
4875001,Control
6904205,Control
2266160,Control
8340333,Control
117979,Control
5507530,Control
8244196,Control
4959337,Control
1381043,Control
8479157,Control
7747447,Control
5594406,Control
1451177,Control
1932898,Control
6679624,Control
2181599,Control
3194308,Control
1230381,Control
7968924,Control
2529019,Control
2435836,Control
5314475,Control
3092668,Control
3836346,Control
69255,Control
3432297,Control
6349753,Control
1807086,Control
3642835,Control
4149206,Control
6296101,Control
6835423,Control
1003184,Control
9788206,Control
6411786,Control
2268205,Control
6599771,Control
596352,Control
9502048,Control
8454891,Control
689136,Control
8522955,Control
4506778,Control
4053606,Control
9242446,Control
397574,Control
9644436,Control
5177089,Control
7931409,Control
7956471,Control
5323656,Control
1958136,Control
6974954,Control
1367436,Control
4846242,Control
7367695,Control
8101,Control
1483064,Control
2687012,Control
3837876,Control
8009242,Control
5152410,Control
7627455,Control
3992405,Control
3504325,Control
7567,Control
1594979,Control
4621128,Control
2209005,Control
3646787,Control
8532420,Control
8466643,Control
8430700,Control
2643833,Control
8655291,Control
244304,Control
4879447,Control
6759484,Control
7535001,Control
8628119,Control
3765970,Control
1487087,Control
7412458,Control
4025195,Control
7869282,Control
4592404,Control
7059880,Control
3903018,Control
2414359,Control
7495289,Control
2147721,Control
5267691,Control
8404765,Control
5955912,Control
9643231,Control
2993988,Control
5804424,Control
4958603,Control
4981342,Control
4675093,Control
8586222,Control
1202622,Control
6311580,Control
8499466,Control
1623788,Control
9400478,Control
1834585,Control
5673302,Control
9570385,Control
4769297,Control
9863059,Control
6566073,Control
3438593,Control
5357788,Control
1104,Control
8844750,Control
582696,Control
38714,Control
1405605,Control
6925389,Control
4444562,Control
4598246,Control
947825,Control
911823,Control
440279,Control
1455162,Control
2564522,Control
8146647,Control
4714574,Control
9094270,Control
3700934,Control
4231894,Control
2497235,Control
316689,Control
3466352,Control
5204861,Control
5782987,Control
8188992,Control
2547733,Control
7200028,Control
8082921,Control
9821593,Control
7759903,Control
7504367,Control
633140,Control
9972616,Control
3154756,Control
5274750,Control
9870533,Control
5624983,Control
7236884,Control
6118019,Control
2654002,Control
13831,Control
5827444,Control
8980102,Control
3259983,Control
3388713,Control
7782547,Control
5931978,Control
2354893,Control
864158,Control
6060991,Control
3979991,Control
5581728,Control
7501817,Control
8148212,Control
9331489,Control
6443962,Control
6860823,Control
2411890,Control
8238902,Control
8085504,Control
3665114,Control
3445529,Control
3437781,Control
5845872,Control
6823956,Control
2449844,Control
3717237,Control
1401817,Control
2530020,Control
2039364,Control
4578988,Control
9612048,Control
2896504,Control
643419,Control
1118805,Control
8081026,Control
4957930,Control
5318283,Control
5382590,Control
2983815,Control
1512573,Control
6934507,Control
9440884,Control
9307530,Control
5539171,Control
8129286,Control
3512520,Control
4766993,Control
3594593,Control
1247801,Control
3945965,Control
5013359,Control
9046844,Control
7378600,Control
8842388,Control
5410180,Control
8806990,Control
3891199,Control
6635004,Control
6579408,Control
2297521,Control
8115055,Control
5784042,Control
2913092,Control
4600322,Control
9285944,Control
2650217,Control
2068892,Control
4662219,Control
2109280,Control
2297514,Control
1452291,Control
3484978,Control
4279555,Control
7209107,Control
2227559,Control
6661074,Control
1862544,Control
1477266,Control
649748,Control
2098868,Control
7073358,Control
3084733,Control
8236848,Control
1654715,Control
9002452,Control
7380393,Control
9655476,Control
425398,Control
9640024,Control
745163,Control
7510601,Control
613884,Control
1709623,Control
8838297,Control
6320969,Control
6593434,Control
5406726,Control
2580603,Control
7031318,Control
5696144,Control
2066863,Control
9121026,Control
7606754,Control
4576989,Control
6828205,Control
2081736,Control
2131059,Control
1554927,Control
3212406,Control
7541656,Control
4061506,Control
1444292,Control
3222884,Control
1132831,Control
4236324,Control
2664922,Control
5276754,Control
8188592,Control
8221479,Control
3537735,Control
8857692,Control
5373253,Control
7498432,Control
9606793,Control
5815034,Control
5706688,Control
7809199,Control
2020418,Control
6757511,Control
4739693,Control
343183,Control
2625620,Control
7415537,Control
7607936,Control
54291,Control
9952738,Control
1334342,Control
941935,Control
2445571,Control
4805602,Control
5475931,Control
9625484,Control
9884785,Control
7179703,Control
1323067,Control
7120674,Control
8342684,Control
382434,Control
3280959,Control
4700399,Control
2497451,Control
9217647,Control
8817528,Control
9325984,Control
7718315,Control
4812146,Control
80127,Control
983454,Control
6938435,Control
7778596,Control
5369527,Control
4980697,Control
4291714,Control
4369879,Control
8083541,Control
6134898,Control
8754291,Control
3889440,Control
1606748,Control
2562899,Control
4320516,Control
4079997,Control
5856243,Control
5929521,Control
8261716,Control
4863969,Control
3540633,Control
4535988,Control
1415245,Control
7821632,Control
7420809,Control
3683392,Control
791642,Control
7554652,Control
7218431,Control
9327681,Control
7546162,Control
7801613,Control
8804345,Control
3052085,Control
2529548,Control
4168213,Control
9863604,Control
5531890,Control
2654891,Control
3988709,Control
8264967,Control
6777171,Control
5292288,Control
9065410,Control
643892,Control
2277808,Control
5279359,Control
7233680,Control
5008871,Control
9767375,Control
8717364,Control
9336021,Control
4136161,Control
7349065,Control
3897687,Control
3385968,Control
5314725,Control
4740278,Control
908643,Control
7947949,Control
7215123,Control
2712083,Control
2280450,Control
3915694,Control
2197949,Control
5080084,Control
7647131,Control
3887101,Control
7193330,Control
7705792,Control
6670096,Control
2991849,Control
7764976,Control
4908184,Control
6913812,Control
5567976,Control
6505265,Control
5336150,Control
94510,Control
1244717,Control
3875281,Control
5711682,Control
2393856,Control
9098523,Control
4245790,Control
8398351,Control
68116,Control
6705940,Control
667612,Control
7591418,Control
9010408,Control
6704890,Control
1931445,Control
4160315,Control
1197,Control
8787218,Control
2416805,Control
9725805,Control
4628731,Control
9571993,Control
9862185,Control
7787397,Control
6938105,Control
3686557,Control
3428853,Control
3394368,Control
1682654,Control
5640288,Control
6109803,Control
3711153,Control
7182233,Control
3559978,Control
4641836,Control
7217082,Control
546146,Control
4749697,Control
2070486,Control
2319234,Control
1652025,Control
3047764,Control
7529460,Control
4346589,Control
8343668,Control
2850748,Control
8442225,Control
9194819,Control
3968514,Control
1557476,Control
1834267,Control
3952148,Control
5600574,Control
9956933,Control
5468964,Control
9675198,Control
1553793,Control
3384298,Control
3055755,Control
7501794,Control
4899808,Control
183855,Control
1752038,Control
3174146,Control
1515775,Control
7922721,Control
6511525,Control
3270995,Control
7555239,Control
2934452,Control
9040013,Control
9025285,Control
1116542,Control
2228464,Control
6210443,Control
1700703,Control
400082,Control
804894,Control
6134713,Control
8731340,Control
7270372,Control
6362415,Control
2268780,Control
9215075,Control
6174475,Control
8864633,Control
5036356,Control
1494245,Control
3826199,Control
3035205,Control
5487566,Control
9771196,Control
5342133,Control
4738551,Control
3833224,Control
8324479,Control
5151853,Control
2583349,Control
4109359,Control
4580091,Control
2444894,Control
3378508,Control
7555597,Control
3649335,Control
3952291,Control
937991,Control
82712,Control
3019756,Control
8834411,Control
2174418,Control
5476413,Control
687186,Control
6911094,Control
2666016,Control
1264053,Control
5273168,Control
8733552,Control
5950877,Control
8085803,Control
9978718,Control
133565,Control
4722213,Control
8016194,Control
6618457,Control
8547589,Control
5645633,Control
644901,Control
6311181,Control
2764519,Control
4275669,Control
7053935,Control
7725213,Control
9726661,Control
1320603,Control
2744682,Control
4282220,Control
8629169,Control
5965304,Control
5315596,Control
3420276,Control
4508245,Control
8506661,Control
2925255,Control
2411415,Control
5062808,Control
1751041,Control
1129306,Control
2234213,Control
3287155,Control
2788940,Control
9955208,Control
7418291,Control
7371359,Control
3783662,Control
2771405,Control
480111,Control
272924,Control
2743618,Control
4774355,Control
1185791,Control
9915448,Control
2130483,Control
641775,Control
1008245,Control
8214271,Control
7698544,Control
613664,Control
1434199,Control
8363319,Control
9404516,Control
4072410,Control
1197201,Control
9587960,Control
8951938,Control
8865276,Control
4104396,Control
2066508,Control
1099280,Control
4772230,Control
1730118,Control
3431165,Control
5854628,Control
9473567,Control
1647585,Control
8248501,Control
9425800,Control
405201,Control
2117926,Control
5015182,Control
4429037,Control
1056528,Control
6599910,Control
1409164,Control
6430556,Control
524152,Control
4032058,Control
2278584,Control
9844613,Control
5770692,Control
440758,Control
2678865,Control
2156246,Control
1332642,Control
9704686,Control
662234,Control
5276888,Control
9796007,Control
5238028,Control
6574277,Control
1604587,Control
5370765,Control
8439704,Control
3040274,Control
791333,Control
11054,Control
8707936,Control
9609949,Control
4666259,Control
116345,Control
4296522,Control
5112293,Control
5396054,Control
1745621,Control
1497401,Control
4916142,Control
1391220,Control
986219,Control
6167838,Control
547427,Control
9312518,Control
1759997,Control
5363561,Control
9444789,Control
8231898,Control
7644663,Control
5016571,Control
7192763,Control
8559109,Control
6147140,Control
8704203,Control
7109374,Control
4042089,Control
8099995,Control
4501679,Control
1557537,Control
1552420,Control
3084223,Control
3489363,Control
5314916,Control
8804582,Control
3631920,Control
8253604,Control
3665178,Control
491935,Control
3983280,Control
1111086,Control
3135360,Control
777859,Control
5770458,Control
2614999,Control
7033293,Control
2421681,Control
5650729,Control
7590008,Control
9070080,Control
2342626,Control
7828508,Control
9975849,Control
2144401,Control
2754680,Control
2378550,Control
1008407,Control
2660545,Control
2192499,Control
4723047,Control
2420919,Control
9227879,Control
7873544,Control
8130441,Control
7121750,Control
6427940,Control
2071744,Control
9640084,Control
2809946,Control
6960692,Control
2394796,Control
2450413,Control
8549831,Control
8766013,Control
9590839,Control
620269,Control
5148264,Control
8302339,Control
7075904,Control
2098439,Control
6721343,Control
8624715,Control
4236434,Control
1914194,Control
5823904,Control
3215110,Control
3798398,Control
3815811,Control
4213724,Control
3356132,Control
9106700,Control
9456512,Control
460755,Control
416018,Control
4496382,Control
7935876,Control
9188669,Control
3717232,Control
4029062,Control
3043851,Control
116693,Control
8564445,Control
3815207,Control
6946226,Control
4107591,Control
7600143,Control
7082928,Control
5186330,Control
3392317,Control
4792942,Control
4165514,Control
9748860,Control
2423011,Control
2772837,Control
5394104,Control
8064319,Control
772562,Control
8434418,Control
9599581,Control
4786356,Control
3814240,Control
3084520,Control
4235655,Control
8515670,Control
7048151,Control
5529655,Control
6077287,Control
2727403,Control
375492,Control
8998966,Control
6690242,Control
5360482,Control
7155435,Control
8446580,Control
2385262,Control
8193081,Control
7356503,Control
1253755,Control
8072875,Control
8500269,Control
3286510,Control
7036428,Control
4401660,Control
2577435,Control
5477839,Control
5262910,Control
1718198,Control
7435030,Control
5840984,Control
1098795,Control
4633937,Control
4718233,Control
3598438,Control
8443908,Control
4123242,Control
8787604,Control
6941337,Control
7073366,Control
1905509,Control
3060931,Control
7452449,Control
7179755,Control
9802021,Control
6504017,Control
5891980,Control
761236,Control
8329806,Control
6629347,Control
3766077,Control
6734072,Control
5565651,Control
5364272,Control
5407437,Control
7801931,Control
3780585,Control
9722784,Control
9883616,Control
1850777,Control
2158455,Control
4060334,Control
2726724,Control
2057492,Control
819412,Control
2551175,Control
3001576,Control
4112213,Control
4679130,Control
9330032,Control
7703737,Control
893856,Control
8806177,Control
7995807,Control
4669475,Control
1230061,Control
2432885,Control
5634806,Control
2458102,Control
6291263,Control
161127,Control
5473564,Control
9494132,Control
4005175,Control
4924036,Control
4395425,Control
5484187,Control
5357905,Control
9046131,Control
6642182,Control
2032704,Control
9847675,Control
5589841,Control
6081831,Control
9420931,Control
3750666,Control
5862986,Control
1254086,Control
3282755,Control
9471146,Control
1750910,Control
2515738,Control
2370481,Control
6815832,Control
7701830,Control
4203907,Control
3941036,Control
2102149,Control
6071571,Control
9348822,Control
5391755,Control
3939804,Control
676128,Control
5244367,Control
4411577,Control
5377930,Control
8878856,Control
3750659,Control
9000891,Control
4730148,Control
9712676,Control
7655560,Control
8497234,Control
5946478,Control
756571,Control
1223405,Control
6571707,Control
9154441,Control
3100504,Control
5002400,Control
9358257,Control
7906167,Control
3741689,Control
2211100,Control
5408240,Control
3694585,Control
4438713,Control
4286204,Control
5283991,Control
484375,Control
5821298,Control
2014783,Control
6606171,Control
4966762,Control
1005952,Control
6776216,Control
4480951,Control
9154808,Control
7649914,Control
6660788,Control
4445535,Control
455693,Control
667440,Control
4790368,Control
2830142,Control
3265995,Control
3907202,Control
6396533,Control
8674117,Control
7651162,Control
3319092,Control
6985236,Control
2059028,Control
837349,Control
7020,Control
8971654,Control
8749493,Control
6165948,Control
4561306,Control
3298315,Control
5503836,Control
9734308,Control
6013114,Control
267446,Control
6131525,Control
7288479,Control
1169134,Control
7890317,Control
1798396,Control
1871451,Control
5757843,Control
6303727,Control
5479065,Control
6510398,Control
9401571,Control
5822736,Control
1384594,Control
9882286,Control
5152221,Control
1334827,Control
4066835,Control
6103330,Control
1518469,Control
9892825,Control
5300806,Control
6793424,Control
2492084,Control
3389093,Control
4761635,Control
6030394,Control
8408200,Control
3084989,Control
2670183,Control
7931684,Control
2437429,Control
2346504,Control
3636597,Control
3527715,Control
9074228,Control
1685485,Control
7287833,Control
3979960,Control
1002294,Control
9966141,Control
9194676,Control
1515115,Control
3761675,Control
9889747,Control
4869184,Control
7800474,Control
9758429,Control
7151107,Control
7196140,Control
9142027,Control
8653648,Control
6482354,Control
7894096,Control
2433176,Control
5065659,Control
8289071,Control
4876431,Control
5510809,Control
5203608,Control
2302824,Control
6731059,Control
5012978,Control
9174161,Control
6521362,Control
1211689,Control
8407187,Control
4527128,Control
5512547,Control
2602692,Control
2907303,Control
1291606,Control
1000672,Control
1018410,Control
519971,Control
3209988,Control
8272922,Control
6758365,Control
4919508,Control
3067778,Control
9296606,Control
294716,Control
1883923,Control
5562631,Control
1970262,Control
1929933,Control
8161244,Control
8419538,Control
9944167,Control
7244374,Control
845310,Control
2675631,Control
1480616,Control
5814539,Control
826682,Control
6551602,Control
9804582,Control
5510647,Control
4304862,Control
2346576,Control
1529821,Control
6219578,Control
4126924,Control
9203588,Control
3386764,Control
4885633,Control
7077362,Control
9624164,Control
3266097,Control
8664229,Control
2908142,Control
3689684,Control
7245894,Control
4039480,Control
6354599,Control
4442593,Control
3630437,Control
1139245,Control
8542739,Control
2161393,Control
5417651,Control
918457,Control
641786,Control
2462661,Control
6615572,Control
3500783,Control
7974180,Control
7847491,Control
6413736,Control
9563050,Control
334941,Control
5360956,Control
7246428,Control
8829408,Control
9098507,Control
6851346,Control
2714945,Control
6085553,Control
4088251,Control
7729241,Control
8954158,Control
1131270,Control
6427815,Control
9985559,Control
6011987,Control
8161011,Control
5964453,Control
9602251,Control
4516576,Control
7956645,Control
3019656,Control
3669767,Control
6186453,Control
1913642,Control
8733457,Control
7530875,Control
5966640,Control
4423197,Control
4231887,Control
1764469,Control
4332256,Control
4727036,Control
3519657,Control
183399,Control
839585,Control
8455732,Control
3811686,Control
1193757,Control
1702022,Control
8648261,Control
166715,Control
9650199,Control
4835403,Control
5867937,Control
2368987,Control
8121579,Control
166702,Control
5318633,Control
4300134,Control
3100375,Control
4342517,Control
2023853,Control
1177682,Control
9783619,Control
8438448,Control
8035422,Control
322874,Control
9575051,Control
8084373,Control
542527,Control
6493127,Control
6912121,Control
4556466,Control
1991261,Control
6375858,Control
3116879,Control
7202762,Control
8326915,Control
3776116,Control
111304,Control
6279719,Control
6723429,Control
8758703,Control
9040093,Control
3944394,Control
343583,Control
7499381,Control
9034200,Control
6836764,Control
224102,Control
6248651,Control
253737,Control
4674375,Control
862897,Control
7121165,Control
4288097,Control
9914222,Control
8837677,Control
3962151,Control
6199461,Control
7762216,Control
4152089,Control
7042844,Control
3874471,Control
6444355,Control
9040250,Control
6807398,Control
3901956,Control
8108520,Control
4287877,Control
5083909,Control
3029395,Control
2505317,Control
8336404,Control
5344828,Control
765501,Control
9272167,Control
9883785,Control
6654998,Control
8642798,Control
8189939,Control
8179812,Control
1027971,Control
3972436,Control
5294087,Control
7038864,Control
5004417,Control
652672,Control
3664764,Control
4027432,Control
1917368,Control
8210202,Control
434941,Control
2123867,Control
2036303,Control
7188220,Control
5388818,Control
7798288,Control
1532133,Control
1807211,Control
3903411,Control
8475079,Control
7285655,Control
9587188,Control
5712194,Control
6541346,Control
1202619,Control
2606116,Control
2316123,Control
5571133,Control
6580550,Control
7310314,Control
3027452,Control
447439,Control
3497471,Control
6837412,Control
6597337,Control
1820934,Control
7544121,Control
815158,Control
6210251,Control
9079825,Control
7683151,Control
9184626,Control
5871038,Control
6068052,Control
2913213,Control
7626540,Control
4140276,Control
7884153,Control
6259757,Control
7129864,Control
7477946,Control
6794763,Control
7216927,Control
2229647,Control
9419230,Control
5381516,Control
1383021,Control
7646602,Control
7364870,Control
327738,Control
6372568,Control
1647360,Control
3689881,Control
83447,Control
720446,Control
4419732,Control
9672716,Control
6103724,Control
1990754,Control
2224982,Control
2537673,Control
1828528,Control
7549366,Control
4345694,Control
2619274,Control
6170447,Control
796776,Control
9137577,Control
4720168,Control
4702836,Control
1386336,Control
5426555,Control
8363830,Control
1394404,Control
109932,Control
5318104,Control
8885555,Control
2171087,Control
8545535,Control
6649052,Control
235331,Control
2103586,Control
7690616,Control
3614480,Control
911891,Control
2243159,Control
2203970,Control
7557501,Control
6167895,Control
2808411,Control
2124664,Control
3341127,Control
5651353,Control
5060776,Control
7851117,Control
8307421,Control
9844338,Control
9701979,Control
7716135,Control
5042831,Control
430812,Control
9694436,Control
6531383,Control
269520,Control
2928002,Control
4139445,Control
4765566,Control
5554510,Control
4074905,Control
4518019,Control
5319067,Control
425532,Control
4036051,Control
461591,Control
2575421,Control
6867006,Control
4593960,Control
2950030,Control
3863076,Control
6892470,Control
4932999,Control
4599448,Control
6290686,Control
6030696,Control
299060,Control
1571924,Control
6951355,Control
9515720,Control
4237578,Control
3364495,Control
9481982,Control
898792,Control
4465663,Control
4982508,Control
3600673,Control
8375447,Control
4156324,Control
3604194,Control
1371185,Control
9714234,Control
2006522,Control
3739117,Control
989875,Control
7190558,Control
9225164,Control
9400844,Control
9283146,Control
3108513,Control
2017198,Control
1505011,Control
8214475,Control
2678591,Control
9096993,Control
8936467,Control
5006616,Control
4661885,Control
1804569,Control
3136865,Control
9107816,Control
6730783,Control
3882419,Control
89052,Control
9848611,Control
4080806,Control
242262,Control
9851927,Control
3916852,Control
8429054,Control
2786226,Control
9791824,Control
2470571,Control
865459,Control
5751652,Control
4285041,Control
1660218,Control
8958725,Control
8336549,Control
7134087,Control
3175820,Control
9531590,Control
5115190,Control
8289125,Control
6939220,Control
923066,Control
1599177,Control
4089005,Control
5308409,Control
4380776,Control
7288768,Control
5451938,Control
6264464,Control
8821076,Control
4384422,Control
8365990,Control
3733535,Control
7664605,Control
3150082,Control
387839,Control
2984162,Control
2122586,Control
4864899,Control
3445203,Control
6944107,Control
421795,Control
4718148,Control
7897463,Control
5707484,Control
3370908,Control
3709112,Control
2709822,Control
1014843,Control
4874181,Control
7418208,Control
3301695,Control
7271269,Control
2802456,Control
8361962,Control
2008244,Control
2825376,Control
671207,Control
2553168,Control
8043814,Control
9175524,Control
1838227,Control
4784867,Control
6902036,Control
797212,Control
5380629,Control
2384259,Control
9822876,Control
9137754,Control
8719542,Control
3650398,Control
9356954,Control
7134594,Control
6187815,Control
7966256,Control
7820304,Control
1206454,Control
2834218,Control
3724649,Control
507892,Control
6256190,Control
3950678,Control
1506413,Control
8348121,Control
5891447,Control
3782928,Control
5470159,Control
1950811,Control
9852223,Control
1579287,Control
6331387,Control
6040095,Control
4236796,Control
4045017,Control
1705474,Control
7707832,Control
8226609,Control
9985251,Control
1991344,Control
8671533,Control
2611614,Control
9281323,Control
9723608,Control
550953,Control
2878715,Control
8832230,Control
2606074,Control
4151874,Control
5078416,Control
3161273,Control
665986,Control
6489670,Control
239772,Control
8065181,Control
2878434,Control
4479851,Control
9206760,Control
4792254,Control
8909091,Control
4225354,Control
2169613,Control
6251557,Control
2585555,Control
8307073,Control
3298212,Control
6680855,Control
8341006,Control
1902610,Control
7066459,Control
1529794,Control
8675461,Control
1900559,Control
6913666,Control
115834,Control
8620221,Control
3350034,Control
6491644,Control
6801754,Control
9840124,Control
7169843,Control
8663315,Control
8924804,Control
7743470,Control
2417330,Control
505849,Control
2839072,Control
8824361,Control
9483420,Control
5089801,Control
1647983,Control
5149344,Control
8134612,Control
6590564,Control
5046613,Control
7105913,Control
724809,Control
2145346,Control
9434801,Control
1577980,Control
391472,Control
8210680,Control
3620400,Control
3153010,Control
1171656,Control
532183,Control
1415103,Control
5795046,Control
8527231,Control
1699043,Control
4666945,Control
2595098,Control
75381,Control
8959461,Control
5771032,Control
6004290,Control
185881,Control
3001667,Control
2276676,Control
4537456,Control
44216,Control
3648559,Control
2061626,Control
9127287,Control
5522802,Control
5907843,Control
3838215,Control
2803852,Control
8591547,Control
4659108,Control
6782034,Control
9874898,Control
3492370,Control
5897376,Control
6745422,Control
3772291,Control
4653377,Control
8382884,Control
4333518,Control
2137495,Control
7958034,Control
2084512,Control
1465486,Control
5308525,Control
4702475,Control
4549830,Control
5395585,Control
6948425,Control
5477208,Control
2506346,Control
6421570,Control
1209838,Control
993338,Control
2214360,Control
6892758,Control
4716805,Control
1104279,Control
3948396,Control
9508923,Control
7666519,Control
943955,Control
327151,Control
2332122,Control
8546362,Control
6398193,Control
8479766,Control
120872,Control
7616759,Control
6360216,Control
6997112,Control
3813163,Control
7193613,Control
5965083,Control
4587107,Control
1585178,Control
2400004,Control
9702706,Control
1642284,Control
4351762,Control
4492437,Control
6970695,Control
2427319,Control
5713362,Control
5874173,Control
5124964,Control
4625121,Control
1757163,Control
1699891,Control
7632853,Control
5514098,Control
6897014,Control
4413451,Control
7045696,Control
6655544,Control
9158247,Control
8361957,Control
1955550,Control
2462140,Control
3544760,Control
3830710,Control
1020604,Control
3972437,Control
1665981,Control
7310192,Control
2683226,Control
4197604,Control
5841109,Control
8996652,Control
8170136,Control
3081243,Control
9696002,Control
4267206,Control
9982970,Control
3752798,Control
2638326,Control
7592127,Control
1256808,Control
5490525,Control
4648093,Control
9081439,Control
5929228,Control
9126956,Control
227629,Control
7331194,Control
7069603,Control
3560209,Control
9688507,Control
6662774,Control
1320616,Control
6549788,Control
9098959,Control
5261517,Control
2188938,Control
2743914,Control
1676566,Control
4219119,Control
2091731,Control
82723,Control
7255843,Control
630034,Control
6944127,Control
4436151,Control
7404361,Control
3491556,Control
6415042,Control
3532717,Control
1337561,Control
9779270,Control
4729376,Control
7913074,Control
5301061,Control
6135379,Control
3936639,Control
6216134,Control
5721058,Control
5794145,Control
2915540,Control
6615896,Control
4201118,Control
8054343,Control
9527588,Control
8295789,Control
326039,Control
7384928,Control
9566456,Control
7954237,Control
9899904,Control
5288196,Control
8151029,Control
5456763,Control
7254723,Control
732198,Control
3302766,Control
3853565,Control
5023867,Control
1533956,Control
7551383,Control
4117219,Control
3525015,Control
7447069,Control
9424931,Control
2593516,Control
7369472,Control
8725305,Control
1004503,Control
3016443,Control
839800,Control
301330,Control
7634963,Control
63001,Control
1520088,Control
1894189,Control
7654385,Control
8442020,Control
5979823,Control
69598,Control
5221707,Control
3497494,Control
3222523,Control
1975414,Control
239685,Control
7232861,Control
3755271,Control
426432,Control
1914434,Control
673653,Control
1011046,Control
7412471,Control
7997924,Control
8197235,Control
6326298,Control
4865240,Control
6059924,Control
3123350,Control
4319563,Control
7472061,Control
9724892,Control
8982875,Control
2882702,Control
442320,Control
3783402,Control
2939579,Control
3661362,Control
1858427,Control
1205921,Control
6498093,Control
3465027,Control
3008621,Control
368005,Control
3831213,Control
1097069,Control
4604290,Control
8650703,Control
4581224,Control
7193849,Control
7337400,Control
843228,Control
3213480,Control
3119190,Control
1391482,Control
4166548,Control
3730759,Control
6674314,Control
416757,Control
1274145,Control
5135533,Control
6364554,Control
5701502,Control
9093228,Control
7025660,Control
1589879,Control
5563344,Control
5996241,Control
8764276,Control
8636244,Control
3401430,Control
4505093,Control
509310,Control
6248019,Control
1695876,Control
7759102,Control
8686115,Control
3912353,Control
5332484,Control
81816,Control
9965526,Control
848570,Control
3211558,Control
5797088,Control
5534302,Control
5407531,Control
2650986,Control
9404688,Control
668594,Control
4491505,Control
9258598,Control
9034757,Control
3357159,Control
7765134,Control
7069115,Control
8729882,Control
4877963,Control
7049711,Control
2429572,Control
1100138,Control
1537875,Control
9967723,Control
9512785,Control
7080159,Control
4235118,Control
1846712,Control
4581609,Control
4076076,Control
109465,Control
9901800,Control
5634074,Control
9564786,Control
117320,Control
9238418,Control
1109289,Control
3384638,Control
5684766,Control
5463895,Control
3413416,Control
5118452,Control
2881420,Control
7200691,Control
7239256,Control
8305701,Control
7237407,Control
6033679,Control
5550349,Control
3425254,Control
7853438,Control
1617872,Control
1097270,Control
5546508,Control
2271732,Control
9075393,Control
5753974,Control
7546798,Control
6774498,Control
16679,Control
9213837,Control
5312309,Control
7694274,Control
2231989,Control
8260569,Control
5801163,Control
8794261,Control
3666894,Control
8197609,Control
7999619,Control
3053639,Control
3449699,Control
577537,Control
7069417,Control
4222945,Control
4016272,Control
8420487,Control
2746886,Control
3147251,Control
2659991,Control
5981882,Control
2950065,Control
3418802,Control
4910104,Control
534419,Control
819230,Control
5529630,Control
7219944,Control
49450,Control
1570423,Control
2162184,Control
1961042,Control
7198598,Control
8754918,Control
5006999,Control
7204933,Control
2769178,Control
6958917,Control
4796535,Control
1825203,Control
1118542,Control
588058,Control
3828351,Control
8398431,Control
1438559,Control
5327184,Control
4700175,Control
614896,Control
5684814,Control
1238090,Control
6538963,Control
3326527,Control
9189287,Control
8964020,Control
5329888,Control
5771832,Control
483041,Control
9861494,Control
1124939,Control
9364875,Control
6074917,Control
7986968,Control
3404111,Control
2828273,Control
5008718,Control
2001821,Control
9313352,Control
3133671,Control
7638634,Control
2071011,Control
3775738,Control
5912421,Control
1880916,Control
4579542,Control
2159664,Control
5400643,Control
6535193,Control
6765289,Control
8943789,Control
9932159,Control
5334656,Control
9470581,Control
8055860,Control
3934950,Control
1618071,Control
6625648,Control
4674788,Control
4855296,Control
416116,Control
8535461,Control
6375571,Control
4314775,Control
6334070,Control
6163617,Control
3541608,Control
9331888,Control
2976279,Control
5448626,Control
4100887,Control
4888229,Control
2810067,Control
2055063,Control
7437867,Control
2715696,Control
7348583,Control
3863719,Control
6437808,Control
2556887,Control
1008151,Control
9404298,Control
9441391,Control
8735184,Control
7686465,Control
9490292,Control
406992,Control
5105053,Control
3025280,Control
4614059,Control
2529685,Control
9489571,Control
1318472,Control
9302194,Control
9151290,Control
5880181,Control
1218796,Control
9567943,Control
6687422,Control
6923539,Control
9312565,Control
9335666,Control
4338941,Control
1389625,Control
3790249,Control
8156691,Control
7351053,Control
3227559,Control
7043532,Control
6394297,Control
5587603,Control
1437008,Control
8888550,Control
8304008,Control
6111966,Control
3789788,Control
7803254,Control
6003283,Control
2765161,Control
9285954,Control
8573578,Control
7371217,Control
3487058,Control
2276485,Control
3639133,Control
2603992,Control
567717,Control
6879916,Control
4098282,Control
7735750,Control
6300261,Control
5606519,Control
3973908,Control
5652807,Control
6963245,Control
8354242,Control
3828970,Control
9957845,Control
6878332,Control
9604594,Control
9113722,Control
8030638,Control
8704516,Control
9236867,Control
2591463,Control
2623414,Control
9908706,Control
3665128,Control
6667120,Control
8256490,Control
6729737,Control
7290719,Control
7455799,Control
8110427,Control
9013895,Control
9858215,Control
4830499,Control
4219127,Control
3003746,Control
3845584,Control
5407336,Control
9653521,Control
7283450,Control
9359900,Control
9325496,Control
3414773,Control
7276309,Control
7404872,Control
7503894,Control
3839023,Control
1344243,Control
1953861,Control
7819845,Control
9805367,Control
2028457,Control
3115593,Control
1142598,Control
9434907,Control
9269493,Control
9501714,Control
842497,Control
7193752,Control
3888161,Control
1227517,Control
3468813,Control
6697776,Control
2826827,Control
8565185,Control
3112429,Control
5013870,Control
6113000,Control
8753786,Control
8111108,Control
8224190,Control
806792,Control
4771315,Control
2199492,Control
5101795,Control
1425787,Control
9477573,Control
7487235,Control
9194226,Control
7542655,Control
6909480,Control
1056736,Control
6639436,Control
9073626,Control
9364858,Control
9274285,Control
2680137,Control
4184921,Control
4281035,Control
612944,Control
3238616,Control
755285,Control
5284897,Control
9342499,Control
8060451,Control
1200154,Control
3932745,Control
4322010,Control
6952910,Control
7024243,Control
6987999,Control
7595101,Control
3922318,Control
8899593,Control
8494729,Control
9578914,Control
6069272,Control
1505081,Control
2584275,Control
8009098,Control
9711513,Control
8221767,Control
3520805,Control
175196,Control
5173793,Control
7987450,Control
3231302,Control
2891436,Control
5861625,Control
4333686,Control
1511191,Control
5564742,Control
952435,Control
7292471,Control
933636,Control
6974637,Control
7623828,Control
1832356,Control
3962588,Control
1610052,Control
9803469,Control
9791771,Control
4937577,Control
2338296,Control
3640152,Control
8387609,Control
657728,Control
7574811,Control
4228858,Control
5048549,Control
7052917,Control
6438154,Control
7614490,Control
7151474,Control
125305,Control
1681883,Control
8239807,Control
3515457,Control
3044726,Control
3793051,Control
4580804,Control
3243036,Control
6688176,Control
9927693,Control
8611255,Control
795341,Control
8270818,Control
8839979,Control
9878337,Control
3877820,Control
5035722,Control
4893834,Control
3342363,Control
7449147,Control
268972,Control
8470229,Control
1467374,Control
1583484,Control
1726629,Control
9799395,Control
8827639,Control
719113,Control
4251934,Control
3073326,Control
3760540,Control
1959844,Control
8401928,Control
9531073,Control
9815230,Control
8849456,Control
3611896,Control
488930,Control
5558259,Control
4308718,Control
4442392,Control
4434930,Control
5059388,Control
430868,Control
1097264,Control
8381398,Control
9401593,Control
2460415,Control
8252266,Control
7203853,Control
3601755,Control
4939769,Control
3063706,Control
9590892,Control
6099606,Control
5929302,Control
6297367,Control
4877798,Control
8848014,Control
9302175,Control
3327589,Control
1513083,Control
2956992,Control
6152862,Control
4080024,Control
6267962,Control
3944863,Control
6794458,Control
6190629,Control
4857140,Control
8787443,Control
184963,Control
9379942,Control
9090954,Control
2511411,Control
1717323,Control
2241847,Control
2441483,Control
1827311,Control
5958130,Control
2077203,Control
4444409,Control
6837952,Control
9864867,Control
4771091,Control
32197,Control
4657957,Control
4728629,Control
5605478,Control
3509370,Control
7763031,Control
6772517,Control
3181964,Control
1986643,Control
4221751,Control
4832926,Control
6209824,Control
4869262,Control
8249927,Control
4082920,Control
1135157,Control
5694405,Control
8988322,Control
1719944,Control
250165,Control
3985654,Control
5066320,Control
5448791,Control
4045265,Control
6279164,Control
1661613,Control
2256055,Control
3610018,Control
2065024,Control
6225988,Control
6168816,Control
1845380,Control
2180904,Control
7453419,Control
2791732,Control
340120,Control
2143246,Control
8460742,Control
3660416,Control
4700338,Control
9449101,Control
9202636,Control
551933,Control
9036856,Control
2600705,Control
6973820,Control
324086,Control
5286206,Control
4798614,Control
2419293,Control
2725562,Control
8868557,Control
4743715,Control
6093589,Control
9369525,Control
2787237,Control
179027,Control
2257239,Control
6207023,Control
706633,Control
1023362,Control
5164404,Control
8699252,Control
1571508,Control
9328539,Control
9855803,Control
8625508,Control
9638116,Control
4106367,Control
5044551,Control
5249795,Control
1646565,Control
6438861,Control
8490525,Control
5419627,Control
9595520,Control
9208903,Control
893935,Control
7690999,Control
9027791,Control
2573774,Control
9449406,Control
8155386,Control
5783978,Control
9675989,Control
9261326,Control
7125300,Control
7867767,Control
2930101,Control
5053245,Control
8850713,Control
1119940,Control
2487617,Control
7801435,Control
8811641,Control
6275704,Control
3779305,Control
1747803,Control
8128924,Control
6846369,Control
5680470,Control
9159331,Control
4332234,Control
8101488,Control
8460986,Control
4504614,Control
7612092,Control
7490213,Control
7991760,Control
9849851,Control
4080079,Control
9160019,Control
8556063,Control
7082709,Control
6940180,Control
4903964,Control
5798633,Control
2531581,Control
756058,Control
8843041,Control
4786371,Control
7278489,Control
4299122,Control
1268270,Control
784880,Control
9690417,Control
6103967,Control
2855654,Control
6434330,Control
6834658,Control
3610897,Control
465162,Control
9600752,Control
7026862,Control
8884678,Control
7481204,Control
3854980,Control
2894519,Control
7216090,Control
4456584,Control
3276629,Control
8488078,Control
5294928,Control
8563608,Control
8738377,Control
3222647,Control
2250111,Control
6632849,Control
1648735,Control
9486229,Control
3883841,Control
3565459,Control
4075792,Control
5245008,Control
9074374,Control
2002497,Control
2274475,Control
3100769,Control
1975168,Control
9186884,Control
6678573,Control
9097731,Control
4043427,Control
6754772,Control
4106308,Control
8023902,Control
2472976,Control
823084,Control
9819734,Control
9961684,Control
9061845,Control
9777880,Control
3709151,Control
6010960,Control
4744262,Control
47402,Control
8041943,Control
7167224,Control
5475466,Control
4535645,Control
5721055,Control
1387501,Control
9159730,Control
5646291,Control
714067,Control
2531123,Control
4503918,Control
8220997,Control
2226215,Control
2578361,Control
7696666,Control
7730418,Control
8431794,Control
5720375,Control
3111038,Control
3829679,Control
374896,Control
1526732,Control
3073245,Control
8576669,Control
1404855,Control
363461,Control
4720929,Control
7123239,Control
3513370,Control
3882744,Control
935940,Control
8347065,Control
261440,Control
4055095,Control
6663225,Control
906255,Control
1854779,Control
33463,Control
8540308,Control
5734691,Control
4237204,Control
4205329,Control
1656762,Control
1511907,Control
3178491,Control
1895292,Control
8916621,Control
7435580,Control
4628302,Control
262535,Control
2301692,Control
4112474,Control
3192447,Control
1022555,Control
2519329,Control
8802194,Control
8262941,Control
2210348,Control
9807333,Control
7691913,Control
4073412,Control
2884298,Control
7377510,Control
7896159,Control
2151221,Control
6898020,Control
7978056,Control
6885405,Control
1253453,Control
2373104,Control
9649700,Control
1526574,Control
9962541,Control
4722287,Control
251727,Control
6150427,Control
664095,Control
5640255,Control
8967825,Control
1747286,Control
8587005,Control
5703505,Control
9865615,Control
6698397,Control
1469576,Control
8725739,Control
5597185,Control
7609789,Control
1518898,Control
7735187,Control
772961,Control
8231354,Control
8384969,Control
4879267,Control
6624274,Control
4076427,Control
3708887,Control
7094658,Control
1696389,Control
1349053,Control
98860,Control
9045868,Control
2205995,Control
9875629,Control
2124499,Control
8763948,Control
900576,Control
346106,Control
4536676,Control
6352921,Control
432171,Control
3328217,Control
783521,Control
5109973,Control
874861,Control
9238802,Control
5411104,Control
5951866,Control
2968815,Control
1309369,Control
2960870,Control
5085825,Control
3659547,Control
3559667,Control
8458957,Control
972441,Control
6194562,Control
8614947,Control
5434475,Control
2415482,Control
778886,Control
204496,Control
2201895,Control
9526170,Control
6389894,Control
5987231,Control
312799,Control
3267809,Control
7322054,Control
8733441,Control
8918913,Control
4339321,Control
2866434,Control
212071,Control
1162812,Control
741642,Control
9173025,Control
8165291,Control
7460812,Control
6021918,Control
8532013,Control
1558503,Control
4848572,Control
159617,Control
5191995,Control
9152843,Control
6008219,Control
1587010,Control
1242892,Control
6913058,Control
1289596,Control
5040477,Control
290869,Control
6701406,Control
4962273,Control
9787102,Control
2341792,Control
1599935,Control
6806202,Control
2112665,Control
3960538,Control
5048422,Control
6784834,Control
2341202,Control
4063257,Control
6460410,Control
674634,Control
8228389,Control
4072319,Control
2949607,Control
2016166,Control
5838050,Control
4530744,Control
4252852,Control
8935253,Control
3155873,Control
3816625,Control
3630199,Control
7387503,Control
1465625,Control
9210764,Control
5377248,Control
3959519,Control
7829136,Control
3516095,Control
3736510,Control
969440,Control
209090,Control
7474175,Control
7174812,Control
3690840,Control
4298977,Control
35346,Control
8994491,Control
6093812,Control
536450,Control
4847745,Control
6223007,Control
7730741,Control
8214502,Control
2912466,Control
3771312,Control
4054039,Control
7145335,Control
2995320,Control
4848547,Control
6575393,Control
3740691,Control
2708707,Control
7464268,Control
1350186,Control
3798336,Control
2537522,Control
8577432,Control
4885241,Control
4622256,Control
2090428,Control
7530155,Control
3643022,Control
7313419,Control
6522706,Control
9813394,Control
4928062,Control
7649530,Control
7579937,Control
5005985,Control
5443219,Control
2167877,Control
6797930,Control
7633079,Control
274453,Control
3522825,Control
6315858,Control
8874632,Control
5824357,Control
6884899,Control
5418058,Control
4932688,Control
2229604,Control
1533558,Control
739485,Control
2361758,Control
8580825,Control
1486106,Control
7881001,Control
1689519,Control
6055104,Control
5589091,Control
975117,Control
577488,Control
1509726,Control
3178179,Control
4318140,Control
4597628,Control
289030,Control
1846831,Control
5077444,Control
4379998,Control
1311900,Control
3914583,Control
4480002,Control
4603282,Control
5624436,Control
2677300,Control
7471029,Control
7462194,Control
6579246,Control
8817106,Control
8941221,Control
4187030,Control
1260287,Control
682129,Control
58917,Control
2597998,Control
5717871,Control
3940254,Control
6132125,Control
2855134,Control
4762443,Control
7867818,Control
5436026,Control
2152611,Control
4941253,Control
1710937,Control
4462773,Control
9079637,Control
1337604,Control
143691,Control
3238088,Control
8927048,Control
7454446,Control
855543,Control
4322431,Control
9106010,Control
8938566,Control
1042803,Control
4393716,Control
1571466,Control
1180544,Control
7305466,Control
9970735,Control
2193622,Control
3416934,Control
8564174,Control
496873,Control
9526209,Control
4849973,Control
4378882,Control
2833480,Control
7622966,Control
7646163,Control
3220136,Control
5370538,Control
1447431,Control
6593124,Control
4435512,Control
825006,Control
8367710,Control
3211203,Control
1168373,Control
5452512,Control
2406034,Control
207299,Control
5444290,Control
198932,Control
7722308,Control
17008,Control
4787598,Control
8012223,Control
5961178,Control
8956074,Control
3541332,Control
4312503,Control
4204378,Control
3866204,Control
8799359,Control
1499091,Control
5475948,Control
1287116,Control
1860858,Control
5842948,Control
4525630,Control
4558622,Control
4932602,Control
751168,Control
3761836,Control
6297472,Control
3918248,Control
3302386,Control
9335218,Control
6696097,Control
6647568,Control
2729855,Control
1114916,Control
1580339,Control
2517151,Control
881186,Control
837361,Control
6748736,Control
5847845,Control
4157945,Control
8086229,Control
2183344,Control
1858076,Control
252509,Control
925413,Control
9451137,Control
5316892,Control
4193281,Control
1220246,Control
7053981,Control
5215055,Control
6968934,Control
8120821,Control
6181154,Control
5705948,Control
3868916,Control
9127186,Control
2511331,Control
9471934,Control
7940827,Control
8849141,Control
9353752,Control
1078275,Control
8639034,Control
1963145,Control
5777311,Control
3751513,Control
9799347,Control
1442875,Control
415277,Control
3853105,Control
9515388,Control
3446089,Control
2163599,Control
8781764,Control
55448,Control
2217307,Control
1325445,Control
5289829,Control
8685525,Control
5583943,Control
2035789,Control
1499489,Control
5317123,Control
3896264,Control
9848212,Control
3075073,Control
136138,Control
5162378,Control
6815224,Control
4561742,Control
8366482,Control
763305,Control
2187229,Control
99149,Control
522064,Control
7595462,Control
5996516,Control
8461995,Control
9381732,Control
3123928,Control
882183,Control
5533778,Control
6957468,Control
7231818,Control
6902794,Control
2940022,Control
9625506,Control
1350724,Control
2787015,Control
7518844,Control
601368,Control
5956882,Control
1534505,Control
5379193,Control
4768104,Control
5792905,Control
5420049,Control
456002,Control
9992821,Control
587585,Control
4309105,Control
6324966,Control
5751427,Control
2663697,Control
3717634,Control
8526525,Control
4141937,Control
5086738,Control
5052217,Control
5795485,Control
929347,Control
3868422,Control
6092861,Control
3791816,Control
5504559,Control
6640188,Control
6633300,Control
5905660,Control
7877574,Control
6233602,Control
8167785,Control
2892738,Control
200352,Control
187901,Control
6411294,Control
1851205,Control
7639404,Control
1811237,Control
8579878,Control
3420244,Control
6620178,Control
7812509,Control
1060988,Control
3292271,Control
5554969,Control
5125777,Control
6648032,Control
6958819,Control
311194,Control
85286,Control
4051272,Control
6979219,Control
6518801,Control
1205471,Control
9148510,Control
5595823,Control
4039397,Control
9422536,Control
4138042,Control
9873377,Control
4592284,Control
9865183,Control
6355445,Control
1914789,Control
7229568,Control
3010146,Control
5995901,Control
4581207,Control
101246,Control
7978454,Control
8981322,Control
2448970,Control
7088755,Control
2666398,Control
6239881,Control
8722168,Control
770632,Control
5280625,Control
6142585,Control
9420690,Control
6199141,Control
5674605,Control
2028637,Control
3833380,Control
9772823,Control
367874,Control
2280581,Control
5525477,Control
2846274,Control
6409101,Control
4791055,Control
7007505,Control
7696674,Control
1526652,Control
3788952,Control
8883804,Control
9386546,Control
4539299,Control
9499719,Control
1600544,Control
5847660,Control
5667128,Control
8371066,Control
9855557,Control
634960,Control
7920525,Control
996857,Control
5700177,Control
9484282,Control
9348532,Control
5830177,Control
343881,Control
6516858,Control
8230433,Control
438770,Control
6176788,Control
3443904,Control
6051224,Control
148954,Control
3569902,Control
5752908,Control
2097722,Control
3242204,Control
9293112,Control
8181732,Control
8163068,Control
5640846,Control
6883463,Control
9627857,Control
6072217,Control
7717405,Control
3161052,Control
7650516,Control
2442931,Control
1253886,Control
4836017,Control
3666791,Control
5646679,Control
1976918,Control
7050672,Control
4514596,Control
7479495,Control
32859,Control
6714002,Control
9742844,Control
6537726,Control
6752359,Control
6968302,Control
1122853,Control
5156074,Control
8595230,Control
429189,Control
5159936,Control
1534948,Control
268845,Control
5825740,Control
7899268,Control
4722411,Control
8910034,Control
4301480,Control
7971129,Control
1446469,Control
6170009,Control
9371388,Control
446185,Control
8705320,Control
9152747,Control
8211143,Control
21498,Control
7353823,Control
2404401,Control
9323420,Control
4504903,Control
9188890,Control
6284498,Control
9616732,Control
6053418,Control
6075049,Control
9412007,Control
5556865,Control
3583712,Control
2191227,Control
2159157,Control
6638356,Control
4482137,Control
6175278,Control
1895875,Control
9459952,Control
9645675,Control
6798477,Control
7854180,Control
7754205,Control
4189492,Control
7807175,Control
5645472,Control
1659457,Control
9171566,Control
760905,Control
1781217,Control
9058648,Control
2946845,Control
1918431,Control
3590118,Control
7023374,Control
7886203,Control
4470020,Control
6255489,Control
6285921,Control
5283980,Control
8498480,Control
1357044,Control
2515065,Control
7291872,Control
3702154,Control
8556801,Control
4938286,Control
6427526,Control
7011180,Control
2001185,Control
1575889,Control
7300338,Control
6995732,Control
9333117,Control
4671064,Control
5605538,Control
2714285,Control
9581854,Control
4558582,Control
3920173,Control
9767104,Control
4028644,Control
2857759,Control
6043168,Control
2063178,Control
123141,Control
2708760,Control
517186,Control
238490,Control
4517591,Control
4856478,Control
444558,Control
1442286,Control
1343908,Control
3695862,Control
1463659,Control
4985191,Control
6260281,Control
4514608,Control
9433703,Control
1188075,Control
36109,Control
7404066,Control
4370238,Control
7194673,Control
8549209,Control
9709646,Control
4393977,Control
735487,Control
9032689,Control
4975883,Control
96845,Control
361484,Control
7848138,Control
906669,Control
8661548,Control
9954065,Control
432402,Control
736752,Control
8398116,Control
767670,Control
8050938,Control
7767796,Control
4414863,Control
2351894,Control
6627847,Control
9060007,Control
3447317,Control
3669234,Control
9557360,Control
9340016,Control
5140529,Control
6538562,Control
2582298,Control
1845905,Control
7068283,Control
789355,Control
9566183,Control
4563336,Control
7253866,Control
6182487,Control
2049672,Control
5913457,Control
7285230,Control
5688251,Control
8988300,Control
4069324,Control
6856615,Control
3806151,Control
5038476,Control
9379390,Control
141602,Control
5459379,Control
8461324,Control
9490599,Control
2008126,Control
2235488,Control
7511477,Control
8075025,Control
1620010,Control
1993765,Control
1325365,Control
4160955,Control
4280389,Control
7623681,Control
8362884,Control
2610198,Control
5467690,Control
338164,Control
7968399,Control
1179872,Control
6945242,Control
2917069,Control
1708757,Control
3661108,Control
9206649,Control
1573199,Control
4469697,Control
8912399,Control
9308561,Control
2357832,Control
9744037,Control
551780,Control
2425481,Control
9575758,Control
474067,Control
1095055,Control
5249648,Control
6165681,Control
2926160,Control
2824566,Control
6316983,Control
1433776,Control
9497139,Control
3313496,Control
5175513,Control
5717725,Control
8774014,Control
8834075,Control
16747,Control
3749720,Control
3459039,Control
6359549,Control
2161378,Control
5404080,Control
2359229,Control
4899915,Control
9024738,Control
9823479,Control
8370185,Control
1159992,Control
1253084,Control
9954278,Control
7460130,Control
6448530,Control
4035951,Control
8936935,Control
3720968,Control
6872293,Control
6292422,Control
5579963,Control
2999877,Control
9995084,Control
285977,Control
3583050,Control
5314074,Control
6391371,Control
8688878,Control
1815029,Control
3544918,Control
4692455,Control
154150,Control
2665020,Control
267576,Control
7130959,Control
4785432,Control
1855518,Control
4032180,Control
8191811,Control
6849300,Control
9069462,Control
3817802,Control
2446320,Control
4638445,Control
9237526,Control
4887230,Control
8688968,Control
6158690,Control
5536852,Control
3009588,Control
4491397,Control
8038306,Control
534083,Control
9192401,Control
9586826,Control
1530855,Control
3841048,Control
5838184,Control
7271542,Control
4547915,Control
9235959,Control
5226265,Control
1790672,Control
7727178,Control
1601687,Control
5725347,Control
1197325,Control
1670773,Control
3732770,Control
2701022,Control
2181079,Control
4115939,Control
7050923,Control
2866523,Control
1993788,Control
7788831,Control
4130407,Control
2805354,Control
521204,Control
7696106,Control
2975818,Control
5775986,Control
3618409,Control
731511,Control
683558,Control
9348332,Control
5723006,Control
52384,Control
4025387,Control
633185,Control
8046030,Control
9344361,Control
3384679,Control
6427754,Control
2979170,Control
8598149,Control
5192767,Control
1724424,Control
4717410,Control
5522936,Control
7795722,Control
6058559,Control
6585877,Control
1225488,Control
8983259,Control
3802414,Control
5452808,Control
2933864,Control
1411774,Control
3100744,Control
578478,Control
4282147,Control
8439254,Control
1251756,Control
6190851,Control
7147672,Control
7848785,Control
1775927,Control
2850288,Control
9917847,Control
4732570,Control
9637289,Control
4689021,Control
8547781,Control
6249597,Control
1412221,Control
5182728,Control
9494972,Control
3510272,Control
872979,Control
7414809,Control
9843822,Control
8617321,Control
427931,Control
7096353,Control
7297929,Control
9962276,Control
5969798,Control
8240359,Control
8934007,Control
7741281,Control
6556668,Control
5832167,Control
1731327,Control
8987178,Control
681768,Control
3338846,Control
2802200,Control
6411206,Control
1418190,Control
1956756,Control
9904069,Control
7678301,Control
2152887,Control
6186943,Control
1643125,Control
5901463,Control
6673860,Control
3070675,Control
628060,Control
7074837,Control
2781778,Control
4233509,Control
2645335,Control
2359034,Control
357090,Control
3367659,Control
9685920,Control
8922786,Control
8025050,Control
7654412,Control
6383826,Control
5211268,Control
8604300,Control
6829103,Control
3416889,Control
3013271,Control
4539061,Control
1636073,Control
1234723,Control
8517134,Control
8731364,Control
3155117,Control
3705160,Control
2459355,Control
4524947,Control
4999651,Control
1617334,Control
5134864,Control
9966933,Control
6754992,Control
3049191,Control
3431846,Control
918538,Control
8794673,Control
7783232,Control
4550637,Control
4721083,Control
7247461,Control
4760178,Control
8763395,Control
3950608,Control
5122733,Control
4756364,Control
7523200,Control
2036502,Control
872464,Control
3773376,Control
5023647,Control
4164359,Control
8090131,Control
6158588,Control
5835214,Control
3635810,Control
8994872,Control
5993170,Control
5624434,Control
4497754,Control
7047492,Control
2815118,Control
5537559,Control
9129912,Control
9147938,Control
7555845,Control
3776142,Control
6934070,Control
5476918,Control
2328287,Control
5706691,Control
1861397,Control
7204018,Control
3460697,Control
222315,Control
5102800,Control
7101274,Control
3285852,Control
3587803,Control
7465225,Control
8053145,Control
1286856,Control
9373092,Control
6754811,Control
7818094,Control
5910608,Control
6656943,Control
2668148,Control
1368796,Control
110890,Control
8784353,Control
543916,Control
700961,Control
3300583,Control
2511849,Control
5890737,Control
4790197,Control
7447840,Control
4965189,Control
4079367,Control
6514712,Control
4032636,Control
8631527,Control
5911953,Control
8700865,Control
8039,Control
9705533,Control
5124459,Control
7055464,Control
6525364,Control
8322930,Control
2053248,Control
5033211,Control
9161222,Control
2884295,Control
1428125,Control
2804455,Control
3745557,Control
9034983,Control
9562829,Control
8726633,Control
9604349,Control
9351229,Control
2041937,Control
7525142,Control
4332483,Control
4430895,Control
1919651,Control
8552526,Control
258198,Control
5911010,Control
9171194,Control
3649022,Control
1823874,Control
5879965,Control
2434281,Control
3687722,Control
2631084,Control
27988,Control
7020801,Control
3236857,Control
6946004,Control
6169187,Control
1883432,Control
5895605,Control
7720996,Control
2614146,Control
4006121,Control
7016758,Control
6030945,Control
1190746,Control
6746464,Control
9125125,Control
8540849,Control
5016965,Control
3278886,Control
8919820,Control
4857987,Control
1917199,Control
7997747,Control
1346750,Control
1203974,Control
5185429,Control
7133113,Control
856311,Control
2058329,Control
159268,Control
9965963,Control
6992079,Control
2360934,Control
934487,Control
1839238,Control
7045562,Control
1180047,Control
6945214,Control
9498329,Control
4415404,Control
6774935,Control
4322460,Control
2910449,Control
7579947,Control
6808154,Control
4494336,Control
3689198,Control
2756823,Control
7250188,Control
9492168,Control
9735397,Control
9591707,Control
5291423,Control
9521078,Control
6943648,Control
6064721,Control
8327635,Control
3364212,Control
9171380,Control
2159243,Control
2199001,Control
8502813,Control
7907645,Control
3767203,Control
7669585,Control
7483839,Control
9522528,Control
627840,Control
1494548,Control
3862904,Control
458484,Control
9880281,Control
4018893,Control
8396918,Control
7505509,Control
6084390,Control
7366275,Control
8531480,Control
6519466,Control
8653551,Control
5238268,Control
7063316,Control
170507,Control
2475212,Control
5232551,Control
6517968,Control
6283437,Control
7642426,Control
3213427,Control
8745869,Control
6823672,Control
7997224,Control
8513721,Control
4405328,Control
689760,Control
4570959,Control
31264,Control
4741779,Control
5562135,Control
617786,Control
4252737,Control
4487758,Control
5804951,Control
4990836,Control
1993746,Control
3824141,Control
8545156,Control
6218310,Control
7241156,Control
1531690,Control
1155518,Control
8913814,Control
5424600,Control
8976800,Control
7072688,Control
2157327,Control
7127698,Control
696227,Control
1062828,Control
9769690,Control
424760,Control
5049067,Control
6344380,Control
8006386,Control
2857405,Control
5430203,Control
9363715,Control
3323049,Control
5385259,Control
7676685,Control
7936614,Control
7325802,Control
7986122,Control
9697551,Control
8345634,Control
1666873,Control
702159,Control
6573015,Control
384371,Control
1784712,Control
4670854,Control
7082050,Control
5829895,Control
9386749,Control
9435851,Control
4008901,Control
9059253,Control
4901739,Control
3431024,Control
4955784,Control
4688123,Control
1567591,Control
9628627,Control
858742,Control
5364396,Control
8656670,Control
2107816,Control
5568328,Control
7164949,Control
612072,Control
9039422,Control
6902355,Control
257597,Control
2189606,Control
802406,Control
7781517,Control
6078772,Control
1733622,Control
4735879,Control
9238891,Control
3225645,Control
700043,Control
8474995,Control
4263526,Control
965093,Control
8522060,Control
9228237,Control
5282464,Control
2710360,Control
9631077,Control
3357578,Control
6045479,Control
4296791,Control
3732958,Control
6782309,Control
7665722,Control
5121453,Control
7220613,Control
9740656,Control
1075238,Control
8412328,Control
8737399,Control
7552391,Control
1819374,Control
6576898,Control
2445043,Control
9608860,Control
1072983,Control
896369,Control
3086399,Control
3171521,Control
5352734,Control
9275795,Control
2834681,Control
1251798,Control
2560718,Control
5492724,Control
8838610,Control
2061471,Control
5696831,Control
6391101,Control
1946252,Control
6944375,Control
7960156,Control
3522031,Control
2117625,Control
5003348,Control
5571817,Control
3515059,Control
2176343,Control
4767901,Control
1770511,Control
8595702,Control
1543912,Control
6846193,Control
5916499,Control
547868,Control
9328423,Control
4627911,Control
3342455,Control
3073523,Control
7217773,Control
8255545,Control
143218,Control
2704747,Control
9403200,Control
8073817,Control
5271129,Control
364153,Control
4015484,Control
9710697,Control
5624950,Control
1159934,Control
590464,Control
5264748,Control
8454223,Control
457069,Control
5644895,Control
8054456,Control
1035196,Control
8081171,Control
2835681,Control
6163509,Control
1445976,Control
7781070,Control
2328764,Control
6492638,Control
3404682,Control
2606324,Control
2122187,Control
3164659,Control
8127966,Control
7391156,Control
9890489,Control
6581548,Control
4065831,Control
3131510,Control
182591,Control
7755406,Control
8513593,Control
8565968,Control
2735478,Control
999095,Control
262054,Control
4442884,Control
9824507,Control
6726183,Control
794705,Control
8804260,Control
670510,Control
2968827,Control
5064285,Control
7974590,Control
6361144,Control
6206033,Control
8894235,Control
4966172,Control
4285520,Control
5371469,Control
6106919,Control
7691784,Control
9733386,Control
2161349,Control
7065877,Control
7559687,Control
1889858,Control
9809166,Control
4943848,Control
6754236,Control
3979160,Control
560848,Control
5203638,Control
5500054,Control
9587439,Control
8237052,Control
1146673,Control
3145026,Control
226840,Control
4265479,Control
658173,Control
582858,Control
5829314,Control
6135173,Control
6808314,Control
7614662,Control
8939988,Control
9260760,Control
2222918,Control
9623278,Control
1345360,Control
2891606,Control
2381726,Control
175033,Control
955510,Control
4132062,Control
2059935,Control
2337162,Control
6652399,Control
3717263,Control
9303817,Control
8036434,Control
4337769,Control
9135765,Control
8416223,Control
9371283,Control
4974798,Control
9648714,Control
1549295,Control
2144761,Control
7702214,Control
8013166,Control
7670919,Control
4943084,Control
6299605,Control
2571952,Control
6940265,Control
7241089,Control
2454453,Control
4727512,Control
2524954,Control
9361627,Control
7575007,Control
3409692,Control
1502049,Control
8997981,Control
7398619,Control
7957282,Control
1404657,Control
8013243,Control
531896,Control
7516076,Control
2827581,Control
2994578,Control
9848171,Control
2335669,Control
9792505,Control
7440894,Control
2999469,Control
5163801,Control
5397632,Control
6507167,Control
6346565,Control
6096847,Control
704150,Control
6642237,Control
5781704,Control
3549101,Control
760259,Control
4643957,Control
4097842,Control
9281679,Control
9296252,Control
4450022,Control
1735713,Control
9820512,Control
5369545,Control
8011795,Control
2938762,Control
4975518,Control
9834586,Control
6908479,Control
6271685,Control
1482443,Control
6694625,Control
1717208,Control
9361289,Control
7894946,Control
599602,Control
9646764,Control
1704336,Control
5329385,Control
6128683,Control
9461443,Control
9341180,Control
1793341,Control
8316281,Control
8257803,Control
3970184,Control
9634041,Control
3318469,Control
5350766,Control
3433053,Control
2823737,Control
4538131,Control
4007083,Control
7112613,Control
3166313,Control
2235345,Control
6526123,Control
7415063,Control
7778612,Control
8624953,Control
9295484,Control
6609097,Control
8530525,Control
4646647,Control
8383721,Control
6618377,Control
3118720,Control
5353299,Control
6310652,Control
6514711,Control
7873434,Control
8704027,Control
6014420,Control
934584,Control
927661,Control
8442526,Control
6703708,Control
4044195,Control
2619690,Control
9268130,Control
4000356,Control
3603584,Control
1114139,Control
6965517,Control
5125059,Control
8738051,Control
7878692,Control
4589193,Control
2072755,Control
1920285,Control
2688057,Control
2400763,Control
2232111,Control
3400860,Control
3365641,Control
2036837,Control
4531392,Control
9223676,Control
5415319,Control
8007409,Control
8161095,Control
7116779,Control
5281066,Control
2495875,Control
6926890,Control
6631920,Control
543812,Control
1129035,Control
4604287,Control
3792840,Control
535308,Control
6187479,Control
1058509,Control
7886832,Control
5203247,Control
912455,Control
5074189,Control
7992263,Control
374835,Control
4597304,Control
1038502,Control
6446475,Control
140488,Control
6280103,Control
2355414,Control
4858389,Control
6589939,Control
9700462,Control
3795248,Control
8883914,Control
1326392,Control
9409836,Control
8078165,Control
3300186,Control
2720367,Control
7934807,Control
8269240,Control
4743648,Control
5448106,Control
4379554,Control
5039552,Control
9509869,Control
2821267,Control
2761754,Control
2290457,Control
3796660,Control
458796,Control
7350449,Control
9985926,Control
8806570,Control
9002251,Control
5161728,Control
3298784,Control
2840811,Control
1329357,Control
7830483,Control
5711578,Control
8618682,Control
2566517,Control
5621250,Control
2371545,Control
5994068,Control
2269733,Control
1328085,Control
39968,Control
2391912,Control
5887136,Control
9791896,Control
8133621,Control
1322669,Control
9900401,Control
2067540,Control
3186806,Control
5894819,Control
3680793,Control
6459665,Control
3762515,Control
6773240,Control
3249445,Control
2650979,Control
1903685,Control
4325547,Control
5949206,Control
7234108,Control
9810527,Control
9599611,Control
5277283,Control
6385324,Control
7537958,Control
7009777,Control
5792423,Control
2762642,Control
4364845,Control
4170615,Control
1380423,Control
5449968,Control
4840383,Control
1055299,Control
1873493,Control
4632690,Control
9212245,Control
4835507,Control
123552,Control
9242498,Control
9107587,Control
4217056,Control
6208399,Control
535999,Control
1326864,Control
2185006,Control
2814384,Control
5585512,Control
6954073,Control
6269757,Control
2536110,Control
2967297,Control
8033535,Control
9038995,Control
5223873,Control
5983262,Control
6651005,Control
9533955,Control
6550550,Control
8720975,Control
6834249,Control
1395619,Control
5869614,Control
225928,Control
1613132,Control
4263114,Control
2875223,Control
9296989,Control
8460001,Control
5932378,Control
1769974,Control
2367706,Control
1958853,Control
4053273,Control
3068937,Control
2856567,Control
2906154,Control
7440442,Control
5002148,Control
4663855,Control
661056,Control
318182,Control
6982652,Control
926737,Control
7841104,Control
8832841,Control
6126040,Control
4792703,Control
7512833,Control
9107291,Control
6504614,Control
5495797,Control
8810363,Control
2076087,Control
7514987,Control
3232380,Control
3834428,Control
7276218,Control
7515052,Control
7990566,Control
9424438,Control
1635395,Control
7588305,Control
4407486,Control
4968760,Control
6919236,Control
2374902,Control
3727881,Control
2545205,Control
3800274,Control
620760,Control
6115725,Control
7628095,Control
2103635,Control
1025595,Control
7171748,Control
9475111,Control
8537217,Control
7582334,Control
9439774,Control
7082099,Control
5967592,Control
5429961,Control
6819768,Control
8546478,Control
9506343,Control
353896,Control
9872389,Control
4746559,Control
1709388,Control
9250118,Control
3745695,Control
9362891,Control
8079923,Control
9888495,Control
7167482,Control
3787914,Control
7014976,Control
8431486,Control
1198324,Control
5171794,Control
9504248,Control
7872771,Control
6954487,Control
353281,Control
2913503,Control
6235268,Control
7218744,Control
8568603,Control
3181922,Control
5046749,Control
1557768,Control
5656013,Control
2361377,Control
9522035,Control
2095187,Control
1346743,Control
3097245,Control
7889947,Control
9076998,Control
6097269,Control
6975214,Control
8177035,Control
8100251,Control
459156,Control
1802089,Control
993631,Control
3616580,Control
7663843,Control
296154,Control
3068579,Control
9512577,Control
6735012,Control
6773041,Control
8355291,Control
195714,Control
6835290,Control
1588794,Control
1148774,Control
1671152,Control
1969872,Control
4939829,Control
4236139,Control
1673529,Control
6510552,Control
4696377,Control
4274437,Control
1435472,Control
8234524,Control
4170232,Control
4765227,Control
5000403,Control
4471192,Control
4399507,Control
5927144,Control
1465089,Control
2496814,Control
4955203,Control
6685212,Control
1440376,Control
9909730,Control
8211406,Control
6180642,Control
7287598,Control
7148673,Control
6599800,Control
7551676,Control
9996877,Control
3030605,Control
6795686,Control
3828068,Control
700142,Control
1415364,Control
9440656,Control
2286444,Control
2500591,Control
9209352,Control
6621256,Control
3442765,Control
8262866,Control
6748136,Control
7698347,Control
6482562,Control
4592177,Control
5843450,Control
4024034,Control
5765602,Control
8230288,Control
322453,Control
1654944,Control
1545289,Control
7607583,Control
3018904,Control
3946829,Control
8747700,Control
1558940,Control
4584142,Control
3206419,Control
7377791,Control
4610520,Control
722552,Control
1662418,Control
479709,Control
3309188,Control
3397094,Control
2192199,Control
3640372,Control
9086688,Control
488929,Control
7205946,Control
7534618,Control
3873802,Control
6952282,Control
4819619,Control
9716000,Control
7655628,Control
3203562,Control
3774619,Control
4025125,Control
5115739,Control
4828906,Control
9725005,Control
9005258,Control
5728657,Control
2398801,Control
7734945,Control
1982805,Control
1043977,Control
8118337,Control
800827,Control
7951392,Control
237182,Control
1675453,Control
6800982,Control
3025015,Control
1363990,Control
512432,Control
9685772,Control
8245227,Control
5046447,Control
5094401,Control
9754775,Control
4715657,Control
6932372,Control
8865026,Control
8602795,Control
5135889,Control
2023168,Control
855532,Control
2104456,Control
9811880,Control
6139988,Control
1397601,Control
4248171,Control
7497388,Control
8285423,Control
8378456,Control
6308747,Control
5220583,Control
3668557,Control
1650516,Control
7878313,Control
4016670,Control
64964,Control
3184980,Control
6270450,Control
4834169,Control
3452615,Control
1912452,Control
2984964,Control
5994763,Control
222726,Control
1028416,Control
708197,Control
3519242,Control
6817555,Control
787036,Control
7594828,Control
9419326,Control
8768226,Control
6303172,Control
969174,Control
2283351,Control
6222741,Control
1765350,Control
4206785,Control
9719547,Control
5816230,Control
6584763,Control
6220312,Control
8279808,Control
6700604,Control
1634583,Control
5058113,Control
8998082,Control
8279508,Control
2577355,Control
864116,Control
1516875,Control
4377433,Control
9825833,Control
5794010,Control
5098302,Control
1699231,Control
3394404,Control
651763,Control
7338206,Control
5888688,Control
3233489,Control
6263111,Control
819730,Control
9532529,Control
6143337,Control
9659796,Control
9817162,Control
4442018,Control
1275397,Control
5506078,Control
939540,Control
5623304,Control
9038122,Control
2542203,Control
8738973,Control
7158440,Control
7056764,Control
1204166,Control
8002094,Control
5880453,Control
2707257,Control
1775686,Control
6100632,Control
7148604,Control
9921158,Control
2986784,Control
7809216,Control
9402699,Control
6486733,Control
6045570,Control
9830414,Control
5315510,Control
4694447,Control
8513116,Control
3902351,Control
5791715,Control
7459485,Control
4059279,Control
4646583,Control
9047771,Control
9368520,Control
1502494,Control
4516383,Control
7328663,Control
6108577,Control
9221011,Control
2055307,Control
9684674,Control
7565293,Control
6436052,Control
3466784,Control
6001945,Control
9220363,Control
5660807,Control
4993236,Control
745087,Control
1552231,Control
7205421,Control
5704621,Control
9724470,Control
1811795,Control
1596001,Control
6280963,Control
9010050,Control
462674,Control
6593447,Control
6988658,Control
9516356,Control
9397101,Control
246911,Control
9100539,Control
2957115,Control
9745466,Control
2549698,Control
5590820,Control
1465714,Control
5057952,Control
8860072,Control
8901859,Control
3381737,Control
6816650,Control
8908352,Control
1120801,Control
6172620,Control
3789163,Control
8021927,Control
9199146,Control
1283142,Control
4491046,Control
3427928,Control
5749778,Control
2738595,Control
1450289,Control
1895918,Control
34631,Control
1363528,Control
2214910,Control
5142413,Control
1786799,Control
7642333,Control
3783667,Control
5580617,Control
7951576,Control
6614435,Control
6084875,Control
1658340,Control
7500270,Control
990903,Control
5919871,Control
6882236,Control
2864960,Control
8190050,Control
9844493,Control
3710054,Control
9169605,Control
3103528,Control
8755478,Control
9759719,Control
7468048,Control
8102588,Control
3130024,Control
9780034,Control
4213745,Control
7638969,Control
7954753,Control
8619619,Control
6825149,Control
5003059,Control
3557050,Control
8450110,Control
1324779,Control
8631535,Control
8875788,Control
2450890,Control
7745397,Control
1472138,Control
6212871,Control
1924404,Control
7397134,Control
6239306,Control
2423591,Control
124624,Control
4922682,Control
2185885,Control
3538705,Control
3940326,Control
3391293,Control
5201744,Control
8415327,Control
2489153,Control
4465058,Control
8037116,Control
8728287,Control
5099251,Control
6314966,Control
1955817,Control
9295710,Control
434526,Control
154458,Control
7477929,Control
2653125,Control
9711074,Control
814615,Control
4870812,Control
2143189,Control
4048904,Control
670772,Control
6563551,Control
5923648,Control
6401608,Control
8770437,Control
8446937,Control
8237386,Control
2905232,Control
6278458,Control
4415445,Control
1262019,Control
2091430,Control
7366567,Control
5772665,Control
1408318,Control
5445929,Control
4473191,Control
8167939,Control
3721028,Control
3584720,Control
5691228,Control
9922705,Control
1776535,Control
4965124,Control
4574516,Control
3743776,Control
7745674,Control
6470497,Control
6230768,Control
984646,Control
8263728,Control
4867711,Control
7111860,Control
6983389,Control
168727,Control
6311761,Control
3819775,Control
7374135,Control
6003391,Control
5077611,Control
5311714,Control
7652204,Control
7458552,Control
724704,Control
5398769,Control
1840316,Control
1566185,Control
5890932,Control
7297106,Control
7228212,Control
3311132,Control
4351032,Control
5250698,Control
9056874,Control
8825788,Control
1839924,Control
3178426,Control
7249833,Control
642168,Control
3247336,Control
9394424,Control
6720385,Control
9244846,Control
1386231,Control
4474374,Control
2438516,Control
8937765,Control
9924401,Control
3136483,Control
8719757,Control
6893388,Control
7339227,Control
9253588,Control
5630341,Control
2504073,Control
6832718,Control
9434764,Control
7354124,Control
580584,Control
8149955,Control
5214008,Control
6671416,Control
7094480,Control
2713472,Control
971116,Control
5269752,Control
1290560,Control
2366018,Control
3447384,Control
9452134,Control
5918756,Control
8059064,Control
757397,Control
4317374,Control
5698289,Control
8417006,Control
8282834,Control
7702166,Control
1178443,Control
700448,Control
513864,Control
8365656,Control
563859,Control
4666767,Control
3604951,Control
8781917,Control
9109114,Control
6526646,Control
7941869,Control
7885624,Control
6546707,Control
6904520,Control
3587187,Control
6349899,Control
9871504,Control
5628857,Control
4744174,Control
8995363,Control
5676836,Control
7582801,Control
6891129,Control
5354683,Control
9335897,Control
8274863,Control
8863877,Control
5113694,Control
8162191,Control
7615245,Control
7575842,Control
1730954,Control
459610,Control
6799154,Control
6179435,Control
1196788,Control
1874162,Control
5986716,Control
9423044,Control
7080294,Control
9173716,Control
8817620,Control
3419830,Control
1557014,Control
4375551,Control
9319959,Control
422463,Control
9531788,Control
5387263,Control
7203485,Control
5597601,Control
2792598,Control
9629572,Control
8190214,Control
1033609,Control
88723,Control
3222141,Control
6364973,Control
7275047,Control
7891627,Control
3103730,Control
380170,Control
5244645,Control
2423443,Control
114780,Control
8657625,Control
3331063,Control
4375103,Control
6528621,Control
2009302,Control
4071184,Control
1474823,Control
9278443,Control
1994826,Control
9071992,Control
6263283,Control
4400495,Control
6408904,Control
5502432,Control
4992489,Control
4314788,Control
9619098,Control
8941411,Control
8059613,Control
6236140,Control
2452066,Control
68854,Control
4068410,Control
3333535,Control
3859749,Control
5055067,Control
4138843,Control
8154663,Control
5410439,Control
4171954,Control
8823513,Control
2086680,Control
7245855,Control
9894654,Control
1749003,Control
3265970,Control
3926863,Control
8240400,Control
4631825,Control
532200,Control
7812668,Control
3464315,Control
8412296,Control
9811987,Control
4050071,Control
9218948,Control
7865356,Control
4806523,Control
8420512,Control
2080022,Control
1496571,Control
8658861,Control
5119439,Control
791007,Control
5716357,Control
4177659,Control
8863103,Control
9262413,Control
5237672,Control
1868660,Control
5613244,Control
8021976,Control
9385360,Control
7798262,Control
3945400,Control
2476272,Control
3208099,Control
242833,Control
9950926,Control
3736958,Control
9573327,Control
6441229,Control
7570937,Control
7963456,Control
5698149,Control
3671964,Control
5511884,Control
8027167,Control
5345406,Control
359374,Control
1520419,Control
6111970,Control
2205884,Control
4530020,Control
5563811,Control
68830,Control
720470,Control
19832,Control
8738505,Control
5339816,Control
1495569,Control
1664737,Control
6763418,Control
6732101,Control
1669101,Control
5222418,Control
6227535,Control
3852830,Control
9889907,Control
8568751,Control
8238658,Control
9018405,Control
1001135,Control
7557120,Control
757353,Control
3715028,Control
455278,Control
4412837,Control
1768518,Control
5269385,Control
4584200,Control
3961862,Control
4994001,Control
73331,Control
9320265,Control
1766845,Control
661296,Control
336203,Control
8883994,Control
1322248,Control
2778415,Control
6922922,Control
8012314,Control
9405578,Control
1538336,Control
8268645,Control
6515192,Control
7756202,Control
7332628,Control
4343607,Control
2084517,Control
63377,Control
8014474,Control
2922633,Control
3626121,Control
1732770,Control
5899425,Control
826235,Control
9267535,Control
8126871,Control
4753533,Control
694911,Control
3804647,Control
847990,Control
6593577,Control
1211589,Control
2221200,Control
1129766,Control
6594076,Control
2206697,Control
8348041,Control
7164484,Control
3860871,Control
2947302,Control
147033,Control
238874,Control
2917410,Control
5726651,Control
2402747,Control
4351270,Control
2989013,Control
7619838,Control
5668922,Control
3994437,Control
2659237,Control
2200641,Control
8829608,Control
1504801,Control
7950795,Control
6777821,Control
7150043,Control
9229328,Control
805952,Control
5403582,Control
3983999,Control
6915261,Control
3845541,Control
2380463,Control
6705909,Control
335080,Control
8889682,Control
6383840,Control
2522628,Control
4242638,Control
9795683,Control
9378246,Control
1879289,Control
7665960,Control
5679801,Control
493186,Control
1186200,Control
8093151,Control
3339110,Control
3195151,Control
9142677,Control
1923181,Control
6578585,Control
7549476,Control
2680464,Control
3792899,Control
7966615,Control
3429213,Control
4122503,Control
3263400,Control
1149257,Control
6511523,Control
907457,Control
9794708,Control
8225502,Control
3467432,Control
5827596,Control
1454975,Control
9832892,Control
3285202,Control
5321496,Control
3836360,Control
8778070,Control
7249843,Control
9366611,Control
902056,Control
3771283,Control
2995076,Control
820349,Control
1688760,Control
4306555,Control
8180271,Control
3845071,Control
1783398,Control
6737992,Control
3325490,Control
111477,Control
7360903,Control
4456021,Control
2211014,Control
1388684,Control
3294063,Control
4028896,Control
2616515,Control
3552115,Control
4536566,Control
8815206,Control
8000406,Control
607963,Control
6451488,Control
6617331,Control
2978551,Control
7940431,Control
1223703,Control
9988775,Control
8853515,Control
9534462,Control
6253564,Control
8872815,Control
3991922,Control
627525,Control
6783086,Control
7877379,Control
8843033,Control
7061359,Control
7527462,Control
6625783,Control
4781902,Control
7619272,Control
1407523,Control
2386780,Control
2683336,Control
3508086,Control
376559,Control
8014998,Control
1455365,Control
4031982,Control
6583380,Control
7018882,Control
8222302,Control
9642367,Control
2024733,Control
8864420,Control
9285608,Control
3925181,Control
8841097,Control
5647543,Control
8639803,Control
4999523,Control
9245447,Control
292370,Control
8983872,Control
9702626,Control
7377214,Control
8120073,Control
4630710,Control
3196381,Control
6696882,Control
2708001,Control
5961844,Control
9740593,Control
8465223,Control
9048757,Control
1298961,Control
800712,Control
3230421,Control
8568486,Control
7371185,Control
5719719,Control
6484309,Control
5389894,Control
5130256,Control
6400888,Control
7192750,Control
8468373,Control
1749068,Control
6284050,Control
5071488,Control
5556885,Control
3936034,Control
7752766,Control
1216598,Control
144678,Control
2277821,Control
560360,Control
3131159,Control
1165290,Control
2717723,Control
723833,Control
3686017,Control
3441915,Control
3993300,Control
3364820,Control
1565846,Control
4509981,Control
8212875,Control
5992613,Control
7996595,Control
6503295,Control
6197220,Control
7756489,Control
6506090,Control
6330960,Control
1809578,Control
5675982,Control
8063374,Control
695624,Control
1674694,Control
9920774,Control
8311223,Control
5959892,Control
1919775,Control
2592273,Control
9961809,Control
1731624,Control
2049570,Control
6322195,Control
124572,Control
3119303,Control
3674412,Control
272934,Control
770810,Control
9850294,Control
8731665,Control
7654114,Control
2625271,Control
3302779,Control
4071423,Control
835607,Control
7626648,Control
6696565,Control
4267969,Control
3797600,Control
947529,Control
3193307,Control
71296,Control
9112083,Control
3916659,Control
5523503,Control
8007865,Control
9912025,Control
1083547,Control
2198173,Control
1101969,Control
2345159,Control
4551179,Control
5830093,Control
9906955,Control
3696772,Control
584718,Control
5823990,Control
2945260,Control
8815612,Control
1909658,Control
9898407,Control
2761917,Control
5178889,Control
58589,Control
4700269,Control
4061978,Control
5276671,Control
2130164,Control
4847886,Control
4235212,Control
3499592,Control
5056707,Control
4473931,Control
5794865,Control
8127091,Control
8035152,Control
2907112,Control
6896687,Control
7156458,Control
2473281,Control
3600404,Control
2514143,Control
5574005,Control
2866503,Control
4601536,Control
5650179,Control
6278306,Control
8259142,Control
283338,Control
1022220,Control
7473284,Control
2735247,Control
7325190,Control
7096671,Control
5133321,Control
5160147,Control
7706200,Control
1997443,Control
6639480,Control
3002288,Control
5002974,Control
7653449,Control
2482966,Control
3679190,Control
494159,Control
5316407,Control
4262392,Control
7880860,Control
9156622,Control
7302432,Control
3774976,Control
9330958,Control
1185634,Control
6047402,Control
1305958,Control
6958124,Control
3805116,Control
1764983,Control
4996959,Control
1011173,Control
5809163,Control
6026089,Control
8011247,Control
5678810,Control
6525738,Control
3486447,Control
4313597,Control
1137754,Control
7751392,Control
3423813,Control
5103176,Control
2276437,Control
795682,Control
3875272,Control
1690668,Control
2911416,Control
3828662,Control
1461998,Control
1466177,Control
1920557,Control
9030261,Control
8519720,Control
363631,Control
3389054,Control
5611560,Control
2798000,Control
8019092,Control
7724904,Control
8457919,Control
1520050,Control
4565623,Control
6757761,Control
547156,Control
4199402,Control
4404464,Control
8864617,Control
7848564,Control
5433735,Control
2354616,Control
186612,Control
1194823,Control
2188628,Control
7214464,Control
483783,Control
9605388,Control
3820374,Control
349305,Control
6063396,Control
1609374,Control
5288246,Control
21940,Control
4652182,Control
1706287,Control
103515,Control
7820430,Control
1905940,Control
1719528,Control
6972711,Control
1692913,Control
1321300,Control
3808373,Control
1507058,Control
2873827,Control
3587475,Control
196103,Control
9552351,Control
608431,Control
2671678,Control
3328514,Control
6929927,Control
5481931,Control
2668062,Control
1298301,Control
9171553,Control
8629202,Control
7679817,Control
9693798,Control
9119435,Control
5572164,Control
9055966,Control
475350,Control
8101023,Control
9173581,Control
8106708,Control
644006,Control
4690278,Control
6474685,Control
4320138,Control
979484,Control
5672855,Control
7166916,Control
6404613,Control
3833432,Control
2296131,Control
2564246,Control
963427,Control
3191820,Control
8081742,Control
8441692,Control
4775386,Control
3460741,Control
6845707,Control
9539032,Control
9095014,Control
9810735,Control
7831891,Control
1109184,Control
3058849,Control
4686729,Control
2533218,Control
9408108,Control
1640513,Control
5014452,Control
9436400,Control
3476918,Control
340534,Control
4948825,Control
9695890,Control
1176370,Control
9516881,Control
3562505,Control
6257035,Control
3740622,Control
2304905,Control
2036184,Control
9306176,Control
4663835,Control
3246979,Control
7060578,Control
3949059,Control
3427205,Control
4826644,Control
6984142,Control
3003277,Control
5944624,Control
1809919,Control
4489429,Control
647485,Control
6886786,Control
8454368,Control
2671221,Control
9528028,Control
6384397,Control
6713145,Control
350165,Control
929509,Control
1267351,Control
1920314,Control
6938338,Control
7906921,Control
3275853,Control
7871483,Control
5954787,Control
186246,Control
7551666,Control
3876347,Control
7458629,Control
8847796,Control
5290260,Control
4827135,Control
535273,Control
7210850,Control
1234849,Control
8861461,Control
2380077,Control
2879531,Control
9938114,Control
5750821,Control
6043981,Control
865942,Control
2640361,Control
2733202,Control
6006176,Control
7485585,Control
5693416,Control
2281797,Control
1932749,Control
1064850,Control
3871465,Control
7883976,Control
5295191,Control
4706130,Control
585691,Control
8191330,Control
2711657,Control
3945005,Control
1729247,Control
2581786,Control
335950,Control
656481,Control
5644149,Control
917269,Control
472271,Control
6938297,Control
8740822,Control
19613,Control
5404759,Control
9182143,Control
3128149,Control
3738189,Control
6102201,Control
8237194,Control
8927733,Control
9489360,Control
6681352,Control
3134802,Control
7468471,Control
6210506,Control
297011,Control
1465091,Control
1435541,Control
9276875,Control
5646191,Control
8938855,Control
6793099,Control
539094,Control
513275,Control
140489,Control
9380287,Control
6155261,Control
6539582,Control
8666599,Control
1016968,Control
1647318,Control
5107764,Control
7302525,Control
9735541,Control
5182699,Control
7809063,Control
9191817,Control
338641,Control
6339028,Control
473108,Control
3342852,Control
6459338,Control
9063969,Control
4908086,Control
7047016,Control
7374569,Control
7445170,Control
8119900,Control
1500813,Control
6303834,Control
6406276,Control
3980251,Control
5401809,Control
2047305,Control
6162060,Control
4799313,Control
9022088,Control
5908562,Control
7164466,Control
9038354,Control
4302393,Control
9777140,Control
5256980,Control
7693643,Control
5678409,Control
1339409,Control
9120611,Control
1700375,Control
3359276,Control
8104990,Control
2492053,Control
6966261,Control
7034253,Control
6469535,Control
4999510,Control
2344790,Control
9023510,Control
6886401,Control
2731499,Control
8748647,Control
4736680,Control
5444568,Control
5220791,Control
4227154,Control
3098485,Control
1048888,Control
7810598,Control
101143,Control
4070381,Control
4259489,Control
4963713,Control
913238,Control
8732056,Control
2427690,Control
6154532,Control
2692947,Control
1135521,Control
4071963,Control
3959262,Control
7374536,Control
346409,Control
1726666,Control
9639688,Control
6579097,Control
1824294,Control
5985130,Control
2447983,Control
3319565,Control
8913318,Control
3442959,Control
4693164,Control
1099815,Control
8905762,Control
4687902,Control
3843556,Control
9877819,Control
3779548,Control
9023746,Control
9685360,Control
7360800,Control
105623,Control
3987522,Control
9248863,Control
2377937,Control
5750349,Control
3284406,Control
255668,Control
5487657,Control
4838456,Control
8961892,Control
5740001,Control
8888379,Control
1510521,Control
2812755,Control
356380,Control
6618847,Control
5537504,Control
6320688,Control
3289674,Control
2946499,Control
1413324,Control
9175871,Control
7588562,Control
3428598,Control
5835614,Control
8310296,Control
570484,Control
4237223,Control
3272311,Control
1721428,Control
542598,Control
2449601,Control
3239592,Control
3341219,Control
6573672,Control
4827308,Control
940063,Control
9118253,Control
2302866,Control
468336,Control
4082227,Control
1718808,Control
944052,Control
7138608,Control
9632177,Control
9943040,Control
873869,Control
1651717,Control
7677128,Control
2398023,Control
4094897,Control
9139012,Control
1260749,Control
2973312,Control
296527,Control
1523453,Control
6259660,Control
2907116,Control
3175882,Control
654022,Control
6252754,Control
7684999,Control
7759774,Control
8122164,Control
3959670,Control
7048186,Control
945249,Control
3930392,Control
2911193,Control
2054906,Control
1848189,Control
2947955,Control
6650353,Control
3006945,Control
709015,Control
4102723,Control
7175784,Control
2086854,Control
1147806,Control
4911800,Control
9866232,Control
7911750,Control
2343199,Control
8203134,Control
7524332,Control
5817225,Control
6380474,Control
7727853,Control
4100506,Control
589815,Control
5641834,Control
133471,Control
8091457,Control
497986,Control
8299642,Control
6202775,Control
7326173,Control
1450142,Control
1484672,Control
8520650,Control
6991159,Control
8154299,Control
5225492,Control
9051839,Control
3230695,Control
2259706,Control
4989120,Control
1851161,Control
1550877,Control
7872500,Control
311794,Control
8734321,Control
3996290,Control
4523387,Control
7495084,Control
4687224,Control
1591487,Control
7160657,Control
6105618,Control
4090225,Control
8976765,Control
6905898,Control
1186455,Control
8867575,Control
1839485,Control
3173410,Control
5300015,Control
3198805,Control
2408953,Control
5090001,Control
4035739,Control
8663255,Control
5557680,Control
5888658,Control
2667117,Control
6947298,Control
7984382,Control
3612419,Control
7564510,Control
4473990,Control
5102064,Control
9179290,Control
4678675,Control
6583985,Control
47571,Control
5734562,Control
4174660,Control
9617464,Control
9752962,Control
1944919,Control
9270161,Control
8504863,Control
5841697,Control
7439738,Control
7968911,Control
7856644,Control
7197720,Control
561240,Control
8947199,Control
9071130,Control
4431185,Control
1354401,Control
4589823,Control
2949083,Control
3828797,Control
1780871,Control
5659799,Control
4511257,Control
2848615,Control
5236006,Control
8084297,Control
844566,Control
1165414,Control
5632684,Control
554055,Control
3271556,Control
861889,Control
5790417,Control
5347642,Control
673678,Control
6718830,Control
1421939,Control
1866350,Control
1508297,Control
4532223,Control
9935303,Control
4069568,Control
8511849,Control
8981296,Control
5514104,Control
969338,Control
7496027,Control
3607333,Control
4432738,Control
6492992,Control
736578,Control
7317091,Control
2305813,Control
4732420,Control
2070948,Control
8533823,Control
9884605,Control
8043160,Control
109175,Control
8391912,Control
3739003,Control
8169008,Control
320586,Control
2973823,Control
2277404,Control
838364,Control
8634174,Control
6601110,Control
9664692,Control
7493592,Control
2059285,Control
7609773,Control
1406494,Control
2424231,Control
1868765,Control
9080510,Control
193054,Control
552124,Control
7114816,Control
4204839,Control
4793295,Control
5566485,Control
2290080,Control
6513834,Control
6966638,Control
4280453,Control
688832,Control
7911085,Control
8573969,Control
9374016,Control
3734502,Control
7307378,Control
4765645,Control
8025695,Control
869786,Control
5505565,Control
6693164,Control
1184945,Control
3318205,Control
3342017,Control
7699312,Control
5049068,Control
4374194,Control
4377932,Control
6643741,Control
4059611,Control
7650999,Control
579429,Control
9209403,Control
4798704,Control
5540761,Control
739719,Control
9211898,Control
6231137,Control
9059634,Control
9709255,Control
1787584,Control
5064401,Control
3978758,Control
2782863,Control
1825680,Control
1871444,Control
3525653,Control
52765,Control
1006084,Control
5074885,Control
628743,Control
5820267,Control
3521874,Control
8519626,Control
3540313,Control
7382803,Control
3891531,Control
9359463,Control
6012802,Control
6986050,Control
270527,Control
9776846,Control
9895741,Control
7650804,Control
2604544,Control
3347130,Control
8732389,Control
7218587,Control
9912563,Control
3090014,Control
1100496,Control
4208202,Control
8641637,Control
5270469,Control
2236448,Control
650791,Control
3169491,Control
6500787,Control
485533,Control
2254043,Control
8938706,Control
6588643,Control
6253352,Control
8632914,Control
4700525,Control
4516606,Control
8204998,Control
5695081,Control
2588255,Control
9020085,Control
7477915,Control
2509777,Control
5824205,Control
6172188,Control
648890,Control
2004209,Control
1555253,Control
4080642,Control
4293448,Control
6871641,Control
1618887,Control
1737677,Control
7687397,Control
8537653,Control
3434508,Control
2636270,Control
2246870,Control
3291616,Control
7633969,Control
3014872,Control
6645335,Control
959156,Control
2532812,Control
5067166,Control
4867576,Control
3986763,Control
9892434,Control
475352,Control
4014888,Control
3050400,Control
8627075,Control
7012494,Control
5090296,Control
5851947,Control
1676540,Control
8251796,Control
7058142,Control
7380792,Control
7455684,Control
3510156,Control
9225498,Control
4629942,Control
6138455,Control
407327,Control
1266717,Control
8538961,Control
5671184,Control
6137806,Control
4286400,Control
4852454,Control
6826954,Control
6891177,Control
2806397,Control
4289440,Control
7215502,Control
8136175,Control
8304027,Control
9263432,Control
28857,Control
4431508,Control
7100335,Control
2719803,Control
3483027,Control
82376,Control
3860424,Control
220394,Control
1230812,Control
763155,Control
2651501,Control
5855387,Control
824923,Control
3790873,Control
8529788,Control
865025,Control
2744178,Control
66543,Control
3796559,Control
4767794,Control
4665347,Control
201392,Control
4526050,Control
2321427,Control
7800749,Control
7181899,Control
8505472,Control
5937062,Control
5650112,Control
8992229,Control
9977138,Control
5878965,Control
4975677,Control
4417148,Control
7481982,Control
2650327,Control
475258,Control
3714063,Control
1687974,Control
9897542,Control
2746029,Control
8216174,Control
9242254,Control
6683172,Control
1735090,Control
7360067,Control
336166,Control
128801,Control
4927272,Control
3691909,Control
8501770,Control
2623324,Control
8377551,Control
5246819,Control
5128861,Control
3250358,Control
9800528,Control
1236099,Control
4799604,Control
1173197,Control
3231341,Control
8728238,Control
8353994,Control
5068244,Control
4318822,Control
1433186,Control
2228486,Control
5523996,Control
8413646,Control
7095078,Control
6498491,Control
7357596,Control
8826419,Control
1171953,Control
8192981,Control
7028113,Control
8331391,Control
1189894,Control
604096,Control
9430937,Control
1948090,Control
6389951,Control
1402600,Control
6789992,Control
6720587,Control
6257603,Control
6575566,Control
9048685,Control
28705,Control
1260143,Control
3587182,Control
9329493,Control
6478983,Control
8750508,Control
6432102,Control
6507041,Control
7932417,Control
9082476,Control
3647252,Control
938858,Control
3293764,Control
3763175,Control
4717014,Control
4445887,Control
1579716,Control
9735844,Control
3860752,Control
6742492,Control
972193,Control
796524,Control
1643971,Control
2919531,Control
8847941,Control
7147633,Control
781162,Control
7341362,Control
3914767,Control
6873326,Control
2371126,Control
1323479,Control
2875988,Control
7961770,Control
7395549,Control
4126756,Control
5190284,Control
9692544,Control
2423250,Control
5111293,Control
4700785,Control
9195810,Control
1569861,Control
9337376,Control
3907235,Control
2183946,Control
2938423,Control
2224929,Control
6040136,Control
3770773,Control
4016575,Control
6042415,Control
4054953,Control
5526294,Control
7324480,Control
233799,Control
1584960,Control
8831077,Control
6951157,Control
2749187,Control
3424954,Control
6595285,Control
3522242,Control
5824256,Control
8905816,Control
2809453,Control
9423248,Control
7787121,Control
5155111,Control
1267481,Control
8082450,Control
9476669,Control
618828,Control
203427,Control
1823241,Control
7204908,Control
3635775,Control
9386153,Control
7564941,Control
210347,Control
1678227,Control
5073391,Control
715813,Control
2532062,Control
8917070,Control
6351716,Control
6546420,Control
4096581,Control
4906392,Control
9440940,Control
7058602,Control
9457273,Control
17160,Control
6719638,Control
9852469,Control
3428507,Control
3730863,Control
1170647,Control
1000062,Control
2782820,Control
5526184,Control
8975894,Control
1553954,Control
6565387,Control
4626790,Control
401951,Control
7326849,Control
5986786,Control
4177888,Control
451897,Control
6975269,Control
7241207,Control
319807,Control
8652675,Control
9565614,Control
9544519,Control
7431735,Control
7075953,Control
1752365,Control
617979,Control
1442196,Control
2073001,Control
6280500,Control
6783119,Control
8309125,Control
8589900,Control
1231025,Control
8692286,Control
2853271,Control
3175143,Control
4816873,Control
3295388,Control
7243507,Control
3482718,Control
5072791,Control
9537724,Control
2754914,Control
9648192,Control
1845333,Control
2145857,Control
6031907,Control
8341255,Control
5066162,Control
2799623,Control
6353548,Control
9726084,Control
7635946,Control
1616120,Control
4978709,Control
3591489,Control
1611437,Control
4834062,Control
8432960,Control
2204634,Control
4404931,Control
2193235,Control
9418751,Control
358189,Control
6528295,Control
4051804,Control
4361167,Control
7411977,Control
8539205,Control
7671778,Control
6685904,Control
7836881,Control
9728181,Control
5833170,Control
8031474,Control
3299174,Control
8243653,Control
6252219,Control
5926831,Control
9599779,Control
2715707,Control
6555289,Control
5680443,Control
8190789,Control
5040709,Control
1488806,Control
4590720,Control
6237495,Control
8588068,Control
7705920,Control
2409327,Control
7042886,Control
6137896,Control
5205973,Control
2080265,Control
9529062,Control
9210377,Control
48241,Control
8473396,Control
6664052,Control
9490175,Control
636209,Control
3134098,Control
8662232,Control
996578,Control
6238744,Control
1392294,Control
6448518,Control
8563982,Control
3052460,Control
1251242,Control
8375225,Control
872784,Control
4834313,Control
5751088,Control
2545668,Control
2399201,Control
1766394,Control
2293046,Control
9918641,Control
2694302,Control
1856884,Control
2336012,Control
7703063,Control
3257320,Control
3394350,Control
3134968,Control
3572257,Control
9415635,Control
6590312,Control
8051597,Control
4090794,Control
7025223,Control
1271836,Control
6125197,Control
6317776,Control
1246799,Control
5281064,Control
8843028,Control
4092262,Control
5482003,Control
3623679,Control
5357605,Control
8863885,Control
6911659,Control
4353523,Control
886333,Control
739077,Control
4999834,Control
2193034,Control
623616,Control
9123885,Control
2409622,Control
4060120,Control
6740178,Control
7134160,Control
5650468,Control
2624205,Control
7256667,Control
2520632,Control
3954776,Control
4552154,Control
2668008,Control
7331597,Control
3589009,Control
2328452,Control
8957145,Control
4929937,Control
1574498,Control
8906223,Control
7204594,Control
2706662,Control
2291193,Control
9009242,Control
1770959,Control
9677689,Control
108438,Control
3837966,Control
226403,Control
2751453,Control
9392075,Control
7350431,Control
8412534,Control
6063554,Control
9348632,Control
3993117,Control
9528795,Control
3931941,Control
3237701,Control
8315808,Control
997697,Control
5413319,Control
6017434,Control
5947847,Control
2524845,Control
3466102,Control
6579471,Control
9922747,Control
7103109,Control
7980181,Control
5547047,Control
8071097,Control
214998,Control
4612340,Control
5903293,Control
2284868,Control
1501374,Control
1772218,Control
1943776,Control
6114049,Control
6981952,Control
8433852,Control
4392849,Control
2026560,Control
4064969,Control
6815037,Control
475362,Control
6518469,Control
2262356,Control
4308109,Control
6811955,Control
1115902,Control
6197062,Control
7867338,Control
6649463,Control
3535282,Control
1631322,Control
8164042,Control
9051760,Control
8696373,Control
9194809,Control
4196060,Control
1411830,Control
195446,Control
2991457,Control
8747380,Control
7113524,Control
9806793,Control
1860048,Control
3247468,Control
7076901,Control
3101849,Control
8791413,Control
957724,Control
4165094,Control
8831208,Control
4557366,Control
8919156,Control
1266016,Control
3480781,Control
8417772,Control
2431679,Control
6780608,Control
5681335,Control
4319069,Control
2593251,Control
1436536,Control
4423162,Control
8180297,Control
1620626,Control
5080645,Control
6018149,Control
8046380,Control
3843683,Control
2533841,Control
6844069,Control
7848377,Control
5615347,Control
5728114,Control
9577508,Control
8207265,Control
6889564,Control
4124935,Control
6150349,Control
2620510,Control
3167061,Control
4069319,Control
896486,Control
8924493,Control
82869,Control
2828054,Control
1284080,Control
649107,Control
9230154,Control
9436398,Control
3910459,Control
2110308,Control
5555416,Control
1533449,Control
8941663,Control
1145173,Control
6909039,Control
3638761,Control
5341240,Control
8950911,Control
4974008,Control
3081692,Control
1079786,Control
3332497,Control
5195261,Control
3330070,Control
65716,Control
2655180,Control
8065299,Control
8609111,Control
4562463,Control
8917762,Control
6751866,Control
529113,Control
2318024,Control
2836203,Control
1538385,Control
3589777,Control
6625416,Control
4705857,Control
7104158,Control
2090939,Control
1663576,Control
5794515,Control
200372,Control
2089071,Control
8576987,Control
3608477,Control
4406423,Control
261857,Control
1175592,Control
9184334,Control
8053397,Control
1830716,Control
2551192,Control
7673677,Control
715865,Control
2665926,Control
9102469,Control
4833921,Control
5412595,Control
7782643,Control
8984189,Control
9826940,Control
3218552,Control
4320662,Control
2124044,Control
2063805,Control
4902300,Control
8341093,Control
7063896,Control
8996595,Control
2371536,Control
8153393,Control
8781124,Control
526971,Control
8338173,Control
3604421,Control
3324728,Control
9688073,Control
1496846,Control
5576836,Control
956630,Control
7334140,Control
6134470,Control
2727697,Control
7775123,Control
3935692,Control
5921541,Control
7151751,Control
1403609,Control
7208864,Control
779216,Control
6081543,Control
737959,Control
3323243,Control
1982276,Control
2652554,Control
8368488,Control
5223892,Control
6039700,Control
7643558,Control
3089225,Control
2860247,Control
4530468,Control
2143122,Control
3558302,Control
6101171,Control
8173417,Control
2615297,Control
4364897,Control
3060121,Control
7822809,Control
7930269,Control
2893361,Control
6791214,Control
5841664,Control
2542139,Control
5706577,Control
8037866,Control
6641231,Control
5781524,Control
1390367,Control
4496335,Control
9429926,Control
2443596,Control
9868692,Control
6488651,Control
9111859,Control
4386445,Control
1668124,Control
75642,Control
2095849,Control
7894188,Control
1331081,Control
700005,Control
7999974,Control
253977,Control
5740627,Control
9779317,Control
4513829,Control
8456627,Control
8323538,Control
6571183,Control
3781865,Control
2553353,Control
2644621,Control
1754410,Control
16744,Control
3495757,Control
5215020,Control
9094850,Control
361296,Control
165890,Control
4313487,Control
6861387,Control
1017730,Control
3539057,Control
7654260,Control
6116891,Control
9978851,Control
2248091,Control
4001101,Control
3186336,Control
1615704,Control
7875141,Control
2844459,Control
5792887,Control
2206570,Control
3660756,Control
9952350,Control
7384432,Control
3706156,Control
835034,Control
4195484,Control
905077,Control
7246868,Control
1327943,Control
9356825,Control
9214462,Control
8095696,Control
9893038,Control
1950553,Control
2091122,Control
3653292,Control
2898532,Control
1132903,Control
3864935,Control
239136,Control
4807439,Control
1291447,Control
8221453,Control
4913658,Control
196865,Control
6601821,Control
2603643,Control
1517963,Control
1613498,Control
4585909,Control
6312687,Control
4029961,Control
9634385,Control
666860,Control
9917901,Control
1371807,Control
2849180,Control
4695496,Control
9731779,Control
3711495,Control
1554378,Control
9246350,Control
403658,Control
6653250,Control
1990708,Control
8103106,Control
233965,Control
2932023,Control
1641046,Control
2135962,Control
3327676,Control
6539335,Control
8688119,Control
739194,Control
9453694,Control
8962369,Control
4820142,Control
7850441,Control
6764466,Control
4046428,Control
2221441,Control
5576582,Control
4872686,Control
8180806,Control
1783766,Control
3048576,Control
529225,Control
8043295,Control
2476202,Control
6168523,Control
4495799,Control
4936750,Control
5402293,Control
2659289,Control
842266,Control
9280304,Control
4525690,Control
3590091,Control
2720755,Control
5836080,Control
3404259,Control
5534228,Control
8356631,Control
4974882,Control
912772,Control
130031,Control
2094380,Control
8756155,Control
5175617,Control
4740995,Control
1591385,Control
648612,Control
9655611,Control
1471147,Control
4444551,Control
8288642,Control
2748531,Control
7389758,Control
3817564,Control
4326478,Control
2280700,Control
611632,Control
79819,Control
8204062,Control
3907819,Control
3876094,Control
5929008,Control
120309,Control
1256425,Control
7471901,Control
2497622,Control
1522469,Control
3633371,Control
5306046,Control
9256197,Control
1736245,Control
3962861,Control
6356189,Control
53123,Control
9375283,Control
7851703,Control
6119358,Control
6119833,Control
7848596,Control
612698,Control
1339532,Control
4536493,Control
5754907,Control
6906166,Control
3104853,Control
1051156,Control
9406297,Control
2207701,Control
3108095,Control
6784908,Control
2509909,Control
5522306,Control
7560855,Control
8110064,Control
8835332,Control
108335,Control
610964,Control
4794519,Control
9976206,Control
5389637,Control
8267405,Control
1126062,Control
5943882,Control
6740237,Control
2765727,Control
9655711,Control
2515711,Control
7573647,Control
678259,Control
1738233,Control
1318873,Control
2039692,Control
2205199,Control
2567857,Control
672827,Control
5012941,Control
3639453,Control
4885196,Control
5959972,Control
8745042,Control
888809,Control
8295065,Control
4326649,Control
8765233,Control
503064,Control
4365929,Control
8019243,Control
691700,Control
5301827,Control
4830472,Control
4003764,Control
3968834,Control
3097149,Control
9041204,Control
6421088,Control
6206582,Control
9833183,Control
8707405,Control
3090130,Control
3350906,Control
4486779,Control
4288230,Control
5975818,Control
2686029,Control
6666315,Control
9587157,Control
1518623,Control
628431,Control
1829520,Control
3386736,Control
2160088,Control
1280370,Control
6147069,Control
239815,Control
4882149,Control
4960297,Control
8602447,Control
7435132,Control
3136386,Control
9663163,Control
394951,Control
3860703,Control
1779400,Control
1892394,Control
7088127,Control
5888619,Control
5767944,Control
4008010,Control
2150124,Control
2361862,Control
7695829,Control
7485074,Control
6446147,Control
3506232,Control
5960735,Control
4843735,Control
4304691,Control
8581712,Control
4008126,Control
573411,Control
4355873,Control
6232942,Control
8020967,Control
3025285,Control
6363082,Control
1989030,Control
7374359,Control
4740173,Control
2165259,Control
821574,Control
4993496,Control
4085994,Control
1678102,Control
4542546,Control
9119345,Control
8876607,Control
7325341,Control
1935338,Control
9623521,Control
8355598,Control
8417026,Control
6092194,Control
8962152,Control
1240899,Control
5103477,Control
7945614,Control
1808108,Control
7583768,Control
6494478,Control
3711449,Control
8344580,Control
1131760,Control
7465149,Control
3393414,Control
6488226,Control
1622083,Control
6571032,Control
6250513,Control
7469760,Control
866150,Control
6594813,Control
5200656,Control
751201,Control
9730984,Control
9939253,Control
1425263,Control
3295995,Control
3653861,Control
636206,Control
3365267,Control
84624,Control
2678732,Control
6351281,Control
9386619,Control
4260858,Control
5390974,Control
6175380,Control
9793551,Control
7729416,Control
8864249,Control
3306820,Control
5926181,Control
6601357,Control
971861,Control
1902791,Control
125679,Control
7278892,Control
2532328,Control
883820,Control
8281229,Control
4150418,Control
3723932,Control
9110521,Control
1396685,Control
2296919,Control
7622618,Control
313261,Control
6961727,Control
2978308,Control
6901150,Control
6118145,Control
8953501,Control
1829729,Control
8338945,Control
3658689,Control
4357442,Control
7366818,Control
9513675,Control
8597986,Control
6664865,Control
1960031,Control
5370397,Control
971530,Control
8578422,Control
946169,Control
7308160,Control
7370539,Control
1651334,Control
8054660,Control
94778,Control
5251417,Control
6848035,Control
8844053,Control
7403538,Control
3994008,Control
129549,Control
1285452,Control
8432629,Control
6838569,Control
4494146,Control
8310565,Control
1669360,Control
386570,Control
9720223,Control
4266634,Control
1149016,Control
5316980,Control
5380969,Control
7024985,Control
2232360,Control
7812894,Control
2542704,Control
415158,Control
5382468,Control
785285,Control
6480906,Control
7566980,Control
197335,Control
6896722,Control
7728491,Control
3575463,Control
6379532,Control
2552887,Control
5059032,Control
8499514,Control
2212042,Control
4733505,Control
564806,Control
629508,Control
5224479,Control
9666293,Control
4961754,Control
7887170,Control
6655084,Control
7779501,Control
62837,Control
7998436,Control
2503988,Control
7556262,Control
4821014,Control
6357515,Control
914160,Control
5671597,Control
3543043,Control
6724007,Control
2336769,Control
4090058,Control
1046276,Control
8658395,Control
2829245,Control
2983117,Control
7391835,Control
5845598,Control
7295752,Control
7824092,Control
813789,Control
5440064,Control
755076,Control
9614324,Control
6719019,Control
3789134,Control
5146890,Control
3577586,Control
5279330,Control
7345720,Control
4736115,Control
5226970,Control
4524801,Control
8464036,Control
2622714,Control
3648865,Control
5300135,Control
9922667,Control
9170496,Control
2967418,Control
5579180,Control
4000371,Control
7964576,Control
7369619,Control
6629661,Control
749270,Control
517835,Control
6340635,Control
594012,Control
5213888,Control
725801,Control
1163653,Control
725905,Control
9076273,Control
1368,Control
4135604,Control
6160798,Control
100888,Control
7219770,Control
5266149,Control
8669649,Control
324516,Control
9034156,Control
6027107,Control
4863323,Control
728244,Control
9141990,Control
5966738,Control
2611548,Control
7396943,Control
7813768,Control
1008574,Control
3160872,Control
5547565,Control
4289078,Control
1341853,Control
6979480,Control
3809335,Control
8994165,Control
9554031,Control
8473097,Control
6474767,Control
824604,Control
3362625,Control
1406079,Control
3856461,Control
7671296,Control
4710635,Control
291411,Control
4942333,Control
5630016,Control
2057447,Control
7510649,Control
4081136,Control
9585752,Control
2973289,Control
2297047,Control
9896912,Control
534843,Control
2166089,Control
7195266,Control
2047876,Control
1153686,Control
8364861,Control
6651273,Control
9471545,Control
857556,Control
7693731,Control
1763978,Control
5524590,Control
7468005,Control
2821847,Control
6032718,Control
9261250,Control
3023323,Control
9325547,Control
889260,Control
1651188,Control
5953166,Control
555510,Control
6728056,Control
3329846,Control
278866,Control
6391818,Control
9441097,Control
5534059,Control
3831873,Control
2694902,Control
600711,Control
3574005,Control
1423635,Control
2556258,Control
7731196,Control
7057752,Control
8003265,Control
4928855,Control
6901755,Control
897630,Control
9828652,Control
5058586,Control
6990098,Control
7462909,Control
3733656,Control
427824,Control
6201404,Control
2733486,Control
6057081,Control
9842770,Control
8975963,Control
4293909,Control
5146873,Control
8680964,Control
9764966,Control
9064720,Control
3122134,Control
9200596,Control
8164502,Control
8752263,Control
4311765,Control
9884409,Control
2168115,Control
9410648,Control
530396,Control
6005042,Control
9202242,Control
6521348,Control
9979846,Control
8694523,Control
7154384,Control
9514332,Control
3123323,Control
242019,Control
7271127,Control
4926147,Control
9091632,Control
4422650,Control
7786651,Control
615245,Control
5667641,Control
3971130,Control
8480271,Control
6024983,Control
5576202,Control
879664,Control
6072542,Control
3380173,Control
1571787,Control
8645179,Control
2436415,Control
8694252,Control
6247953,Control
7406300,Control
3983191,Control
7495470,Control
8537321,Control
6039670,Control
3001093,Control
6841879,Control
9896387,Control
9194607,Control
4224360,Control
8463206,Control
9339477,Control
9220177,Control
4528009,Control
8809420,Control
5014608,Control
3717863,Control
4846965,Control
5208097,Control
5134296,Control
2298936,Control
6024027,Control
8052234,Control
1775979,Control
795509,Control
3897043,Control
1190149,Control
1774994,Control
8280766,Control
9128175,Control
59089,Control
3571971,Control
1451414,Control
3507632,Control
250277,Control
2474953,Control
8279363,Control
1541401,Control
3498560,Control
5631969,Control
4234977,Control
1841525,Control
4674728,Control
7629056,Control
1544212,Control
4911936,Control
6294499,Control
4214438,Control
8027449,Control
5933753,Control
7359157,Control
9920870,Control
7171398,Control
7244577,Control
817200,Control
2584059,Control
7203829,Control
7685279,Control
8938746,Control
8164122,Control
2977108,Control
4285856,Control
6190460,Control
3915571,Control
3213131,Control
6131423,Control
5442451,Control
9707859,Control
7840357,Control
3364353,Control
8745305,Control
7916623,Control
1830465,Control
4015014,Control
9221288,Control
7696999,Control
5953103,Control
9860216,Control
4841321,Control
4746025,Control
2052058,Control
6949539,Control
2564709,Control
8013100,Control
2923145,Control
3890840,Control
6679700,Control
831125,Control
432803,Control
5285771,Control
720356,Control
3402999,Control
6491335,Control
2435985,Control
7374240,Control
9552050,Control
1088466,Control
7888902,Control
7056274,Control
565576,Control
7721819,Control
2278337,Control
5735682,Control
7980336,Control
6617037,Control
2055185,Control
786321,Control
5887829,Control
7664935,Control
73453,Control
6558833,Control
6774721,Control
3515394,Control
7171907,Control
9541879,Control
3933656,Control
9643848,Control
3966046,Control
2381209,Control
2874909,Control
8475243,Control
499278,Control
6362799,Control
8173142,Control
6861954,Control
1072044,Control
4850631,Control
2629473,Control
4600811,Control
77071,Control
7124527,Control
35417,Control
7688715,Control
3226829,Control
4637023,Control
348330,Control
4658928,Control
6801082,Control
5012116,Control
7991851,Control
6909361,Control
1549737,Control
6798656,Control
1002004,Control
7830788,Control
9481547,Control
6559072,Control
1948091,Control
8213284,Control
9825827,Control
2602185,Control
6747182,Control
7847914,Control
3176103,Control
5275476,Control
7297562,Control
1780732,Control
4474416,Control
8542371,Control
3692684,Control
3138295,Control
6624110,Control
8443640,Control
8358491,Control
342517,Control
5532707,Control
7169276,Control
5354757,Control
6838075,Control
1613567,Control
5076208,Control
471462,Control
1897278,Control
2645926,Control
2649354,Control
2955739,Control
5650542,Control
3497097,Control
4347928,Control
2267878,Control
4608665,Control
1868610,Control
7536945,Control
7971470,Control
1691845,Control
505572,Control
4592680,Control
649569,Control
14775,Control
7528220,Control
4638142,Control
8762335,Control
2311252,Control
7436791,Control
6431274,Control
1641549,Control
2582689,Control
6884906,Control
2281012,Control
7391974,Control
1853637,Control
5539207,Control
1745578,Control
2301893,Control
9166876,Control
2397115,Control
1312336,Control
3824035,Control
7440378,Control
8546752,Control
6012640,Control
7486231,Control
1826864,Control
3124286,Control
35257,Control
998727,Control
8498010,Control
6306150,Control
3855635,Control
2532662,Control
215880,Control
2848749,Control
4494718,Control
1044267,Control
1505133,Control
6506244,Control
5049742,Control
519096,Control
7958919,Control
3582611,Control
2254754,Control
4813412,Control
3914072,Control
9410507,Control
772872,Control
9300794,Control
394456,Control
7928703,Control
2760399,Control
8743361,Control
268509,Control
3940081,Control
7230704,Control
9334240,Control
9711491,Control
1983405,Control
5676420,Control
5781709,Control
562427,Control
2598411,Control
4556540,Control
4406730,Control
6383888,Control
428485,Control
1939391,Control
9388092,Control
6156794,Control
624085,Control
4152738,Control
2046788,Control
3453063,Control
3546351,Control
4177680,Control
7421956,Control
4394565,Control
4873139,Control
8319910,Control
5636220,Control
6202302,Control
9056002,Control
4385079,Control
7883658,Control
8525814,Control
4954273,Control
6059000,Control
4794158,Control
3354906,Control
8190057,Control
9400397,Control
2543929,Control
1767556,Control
6395464,Control
2800663,Control
7869613,Control
7507445,Control
4440019,Control
7991545,Control
9179402,Control
3495630,Control
5600350,Control
5345165,Control
2978646,Control
2377314,Control
2541665,Control
6800922,Control
4517364,Control
549038,Control
4194896,Control
7992634,Control
4532488,Control
5339414,Control
3221809,Control
4381369,Control
4586815,Control
4449226,Control
8923392,Control
7662689,Control
1418876,Control
4119453,Control
4473948,Control
4962802,Control
1332145,Control
7982253,Control
6498266,Control
1186733,Control
9955114,Control
3149933,Control
7433467,Control
1008887,Control
4365891,Control
1309199,Control
9250788,Control
9404359,Control
519506,Control
219306,Control
7076105,Control
7980798,Control
955346,Control
2383258,Control
8350607,Control
9763453,Control
3976151,Control
8218129,Control
1436025,Control
9682260,Control
1620011,Control
8288240,Control
912638,Control
9530705,Control
6116055,Control
9230591,Control
6430614,Control
1749085,Control
3415032,Control
928125,Control
3416474,Control
4828534,Control
7935979,Control
9688017,Control
5306530,Control
6428289,Control
5532902,Control
4698803,Control
8607082,Control
7063416,Control
2723667,Control
5237164,Control
2891068,Control
8996402,Control
9918249,Control
6550009,Control
8789451,Control
1605650,Control
5291323,Control
6432902,Control
8976156,Control
4835239,Control
489500,Control
4137311,Control
842512,Control
2710916,Control
314959,Control
6642,Control
9669811,Control
2714772,Control
5782971,Control
9660158,Control
1544759,Control
1649284,Control
4717054,Control
5210046,Control
7796096,Control
8592710,Control
3113785,Control
4166100,Control
6535460,Control
7491018,Control
8497666,Control
1172341,Control
2038553,Control
3263824,Control
3546290,Control
4405504,Control
5574187,Control
6166024,Control
7325864,Control
2609275,Control
4177979,Control
4023574,Control
1901992,Control
664352,Control
2130660,Control
3130254,Control
6681381,Control
2125543,Control
2189784,Control
9638485,Control
7926202,Control
6949017,Control
4709079,Control
5728383,Control
8316864,Control
1116906,Control
6913303,Control
4635200,Control
1772744,Control
5587154,Control
9030458,Control
5319806,Control
7626945,Control
4853359,Control
4246898,Control
3257276,Control
9097769,Control
6182535,Control
2868548,Control
5542145,Control
3988134,Control
6113239,Control
654897,Control
7347144,Control
9485851,Control
4501424,Control
9754297,Control
649371,Control
3207711,Control
5386477,Control
2295997,Control
8823334,Control
7830123,Control
6331089,Control
6668961,Control
5287195,Control
450232,Control
2001275,Control
6594759,Control
4741517,Control
8875746,Control
723529,Control
8946434,Control
3727883,Control
2754826,Control
4080779,Control
9052282,Control
1002905,Control
7685083,Control
4815412,Control
5559981,Control
3410687,Control
4592206,Control
9145611,Control
3019916,Control
4028292,Control
3404704,Control
1545335,Control
7135563,Control
7356517,Control
9900823,Control
9965131,Control
8716491,Control
6848077,Control
6041600,Control
4754836,Control
953744,Control
3552092,Control
3305322,Control
9290967,Control
3300768,Control
4350047,Control
5343117,Control
1399287,Control
400613,Control
3247787,Control
1276349,Control
7835047,Control
709439,Control
374255,Control
9135655,Control
6389349,Control
8790822,Control
5759997,Control
1007748,Control
3789835,Control
6642024,Control
2030720,Control
6009565,Control
6926632,Control
2288164,Control
6397827,Control
365583,Control
3585638,Control
7887922,Control
9884305,Control
5460727,Control
7881075,Control
5607324,Control
1262277,Control
5089592,Control
1362382,Control
8919311,Control
3186963,Control
8066516,Control
4330733,Control
5163335,Control
1447898,Control
9050748,Control
8273350,Control
9677826,Control
8610750,Control
3398113,Control
1513036,Control
3192941,Control
3157856,Control
8117183,Control
5850237,Control
3799541,Control
8014670,Control
8488607,Control
4643144,Control
8205041,Control
9927328,Control
794649,Control
7931571,Control
8643727,Control
6479083,Control
6416273,Control
6421913,Control
6735720,Control
2040900,Control
5850123,Control
2053183,Control
3603649,Control
9668860,Control
9931960,Control
2508419,Control
2191364,Control
8230834,Control
6486127,Control
3213762,Control
9333375,Control
4622994,Control
2147061,Control
9480795,Control
3206966,Control
1599600,Control
3668956,Control
3437771,Control
4446711,Control
4405304,Control
8006275,Control
2028518,Control
312698,Control
7352376,Control
3160385,Control
8386410,Control
5516350,Control
2725900,Control
5286123,Control
947221,Control
2462823,Control
9352816,Control
3332531,Control
6395285,Control
4226585,Control
1056722,Control
1082833,Control
5545425,Control
2483614,Control
6029041,Control
7701085,Control
5643425,Control
3142979,Control
2209429,Control
8511811,Control
421833,Control
1421934,Control
9456874,Control
8824353,Control
4826778,Control
7374336,Control
4548139,Control
7949883,Control
174360,Control
11122,Control
5340035,Control
7195153,Control
2396007,Control
1516424,Control
2252099,Control
7707774,Control
5910870,Control
8165113,Control
6740381,Control
7625765,Control
3411960,Control
402923,Control
6058074,Control
1925623,Control
6823673,Control
1098398,Control
7122130,Control
3132961,Control
7140358,Control
2005018,Control
8202513,Control
4721124,Control
2340754,Control
8726606,Control
4419177,Control
6334676,Control
2222307,Control
2712496,Control
4681420,Control
59605,Control
8607979,Control
3118894,Control
9847934,Control
6286632,Control
9795687,Control
8541103,Control
2014286,Control
9957239,Control
4014435,Control
3926907,Control
4490836,Control
9385972,Control
2634677,Control
2111468,Control
5558874,Control
233249,Control
5972196,Control
3174867,Control
1609953,Control
9841100,Control
3815969,Control
4937291,Control
853743,Control
2476053,Control
2166183,Control
584291,Control
5776273,Control
7912047,Control
7976030,Control
9483015,Control
4746162,Control
5156607,Control
4082452,Control
280950,Control
4580972,Control
3466785,Control
3617707,Control
8786298,Control
8058142,Control
5267658,Control
8226682,Control
4266877,Control
5338170,Control
2103055,Control
9247578,Control
9405961,Control
7350089,Control
9822924,Control
1971298,Control
3406058,Control
5250931,Control
7466392,Control
5790654,Control
8931499,Control
6213824,Control
4741117,Control
5549078,Control
9626198,Control
4486322,Control
6680845,Control
4457592,Control
8280317,Control
2102280,Control
9281262,Control
670729,Control
7308546,Control
8304665,Control
3243462,Control
6463305,Control
1578668,Control
7267111,Control
6350886,Control
7209144,Control
7397092,Control
7333505,Control
1739277,Control
9878162,Control
7900566,Control
696491,Control
6954785,Control
7016886,Control
4965266,Control
2546247,Control
4203585,Control
1051166,Control
8945827,Control
6853899,Control
8135120,Control
6954228,Control
5822622,Control
4349159,Control
3492192,Control
1381230,Control
4904248,Control
5283242,Control
595413,Control
9261595,Control
4948147,Control
3845483,Control
7077040,Control
6098739,Control
2597744,Control
5297168,Control
9585939,Control
2808156,Control
3973242,Control
2212693,Control
9072561,Control
6436049,Control
9432754,Control
469978,Control
3802621,Control
1195541,Control
4827788,Control
9748419,Control
3987597,Control
6213118,Control
614170,Control
4426218,Control
8051621,Control
3761960,Control
9388977,Control
3346003,Control
3969151,Control
2824912,Control
6966338,Control
2092570,Control
5973135,Control
1400233,Control
2605179,Control
4955358,Control
660147,Control
84480,Control
3304360,Control
2798135,Control
4202376,Control
8586164,Control
6104856,Control
3908215,Control
8638777,Control
8625422,Control
2364227,Control
3999608,Control
3965562,Control
9393128,Control
2289937,Control
4068002,Control
9089300,Control
3007638,Control
859078,Control
1074528,Control
7958329,Control
991266,Control
6760883,Control
242241,Control
3321186,Control
2688470,Control
7402656,Control
6620751,Control
5166339,Control
1260122,Control
5806944,Control
4921692,Control
742932,Control
4524761,Control
2568488,Control
5344576,Control
4833525,Control
7635685,Control
4740618,Control
8094276,Control
1540888,Control
2755743,Control
9653620,Control
6633558,Control
4493570,Control
1419076,Control
9440593,Control
7888406,Control
9603908,Control
7379399,Control
8015932,Control
432265,Control
4857233,Control
4557771,Control
6117708,Control
3725634,Control
9673982,Control
4659695,Control
9466623,Control
5230313,Control
3749302,Control
685244,Control
2576241,Control
2553998,Control
6776087,Control
7997482,Control
4472004,Control
1837864,Control
4893648,Control
387056,Control
5357124,Control
6036449,Control
6043261,Control
2735464,Control
3782737,Control
6379275,Control
6028338,Control
1292592,Control
4668200,Control
4433180,Control
3765879,Control
4529371,Control
7656563,Control
6112751,Control
1179943,Control
766105,Control
6596167,Control
8775961,Control
9409160,Control
760532,Control
1077700,Control
9996137,Control
8002977,Control
8219637,Control
5052088,Control
7760229,Control
8450251,Control
6893975,Control
1228147,Control
9356922,Control
4401076,Control
5082039,Control
2956739,Control
9465992,Control
451603,Control
8626423,Control
380857,Control
2625933,Control
624947,Control
5423497,Control
518664,Control
6901993,Control
6283366,Control
194329,Control
1165700,Control
7441156,Control
2667434,Control
9382780,Control
4404939,Control
3778727,Control
3984593,Control
9618881,Control
2417501,Control
5061955,Control
6073444,Control
7638689,Control
392757,Control
1936836,Control
2039070,Control
697065,Control
3087316,Control
3398547,Control
5645092,Control
4912513,Control
7429481,Control
8406971,Control
1164659,Control
4250110,Control
8438145,Control
5795761,Control
4305948,Control
2935751,Control
4917659,Control
3430824,Control
4044347,Control
3879550,Control
3888630,Control
56782,Control
9870360,Control
8344435,Control
1534510,Control
6938743,Control
860752,Control
3387092,Control
2566361,Control
5894811,Control
5161688,Control
9604653,Control
6662624,Control
6768335,Control
1402721,Control
9859285,Control
7358671,Control
7310183,Control
8623241,Control
4613590,Control
4070311,Control
6272438,Control
5734249,Control
6683515,Control
4317522,Control
1702249,Control
6472340,Control
7941103,Control
1513385,Control
782257,Control
528504,Control
7853881,Control
1889299,Control
7041718,Control
1311867,Control
6568477,Control
932193,Control
9686300,Control
9289579,Control
6551678,Control
3191906,Control
6325529,Control
4094092,Control
6110470,Control
3755916,Control
102859,Control
3777118,Control
8645540,Control
3272980,Control
5258390,Control
2329513,Control
3734319,Control
9173121,Control
9957303,Control
8787649,Control
1299036,Control
2487872,Control
3353845,Control
6912156,Control
9478339,Control
2942905,Control
5946442,Control
2144256,Control
9003412,Control
2948504,Control
6153464,Control
1545233,Control
8942888,Control
3517900,Control
9245399,Control
3650185,Control
9915555,Control
3349037,Control
902499,Control
2755989,Control
3481997,Control
1924358,Control
2417819,Control
1009021,Control
5188201,Control
4190314,Control
5376149,Control
3839531,Control
7115797,Control
3575659,Control
7229632,Control
1577767,Control
2806047,Control
2328592,Control
4817444,Control
6407166,Control
1711529,Control
8024012,Control
6809928,Control
4889751,Control
8235558,Control
8962172,Control
8325418,Control
3941116,Control
1559624,Control
773392,Control
7345204,Control
8254601,Control
893278,Control
9737013,Control
7297859,Control
2969737,Control
9249796,Control
6821987,Control
4689869,Control
7351468,Control
8547914,Control
1367239,Control
1534996,Control
4060801,Control
4798272,Control
5566417,Control
3434892,Control
4627932,Control
6656548,Control
6050973,Control
1385159,Control
717527,Control
2787673,Control
7483085,Control
9853329,Control
1841425,Control
693062,Control
6554394,Control
4376203,Control
1536463,Control
356780,Control
2611292,Control
7450096,Control
1291022,Control
7468099,Control
83683,Control
4824781,Control
9621245,Control
7972724,Control
9257383,Control
1011923,Control
1754536,Control
6252758,Control
6824199,Control
6309891,Control
4456421,Control
8399455,Control
3353618,Control
4253896,Control
495030,Control
9434740,Control
9452002,Control
2331613,Control
804318,Control
1335481,Control
1114434,Control
3017579,Control
8142623,Control
7198788,Control
6816212,Control
6006194,Control
9212533,Control
5859808,Control
3901105,Control
5103018,Control
8425735,Control
5216573,Control
9086225,Control
9331531,Control
6205458,Control
5899752,Control
7650054,Control
9873188,Control
506107,Control
502017,Control
1842336,Control
1445649,Control
9583228,Control
3227110,Control
104328,Control
5083366,Control
2386141,Control
7314276,Control
7679903,Control
1391422,Control
3011342,Control
1145881,Control
5673075,Control
9409062,Control
6786194,Control
8446955,Control
1077064,Control
590187,Control
9811749,Control
8040052,Control
3495158,Control
6327365,Control
5539142,Control
9708352,Control
1831854,Control
698205,Control
5424154,Control
6845489,Control
1506366,Control
1886161,Control
4986682,Control
180381,Control
3037751,Control
280640,Control
2629733,Control
917800,Control
6725926,Control
9608866,Control
7343742,Control
2808727,Control
2559930,Control
4147280,Control
6155912,Control
7225623,Control
9905146,Control
6101638,Control
6776391,Control
3787912,Control
3522819,Control
3882086,Control
6767276,Control
9342917,Control
480811,Control
8899589,Control
410527,Control
9290429,Control
1907211,Control
6730557,Control
9209353,Control
452274,Control
4009584,Control
5892346,Control
4840686,Control
9268647,Control
8841258,Control
6734265,Control
5030525,Control
9549908,Control
4699642,Control
2357490,Control
811242,Control
8562013,Control
3269880,Control
2907270,Control
5412721,Control
2071841,Control
6546613,Control
806442,Control
6803053,Control
9333749,Control
2359159,Control
1499088,Control
3939719,Control
3549548,Control
6725780,Control
2996230,Control
1913082,Control
5688492,Control
2149205,Control
1369270,Control
3084509,Control
1759700,Control
2639740,Control
6917895,Control
6210162,Control
9516559,Control
8421108,Control
8927536,Control
9449889,Control
1482562,Control
1946068,Control
8609715,Control
7300238,Control
659800,Control
7214869,Control
7269600,Control
5908339,Control
4269937,Control
1419408,Control
5312586,Control
3054118,Control
3268387,Control
9801271,Control
7262817,Control
4010843,Control
8731048,Control
8753218,Control
2056567,Control
5610470,Control
1901853,Control
1675422,Control
9243700,Control
9276193,Control
9328852,Control
5810660,Control
428635,Control
6170523,Control
6747982,Control
3622914,Control
1899793,Control
4513475,Control
2027429,Control
8413895,Control
5002549,Control
2372230,Control
7516737,Control
2139166,Control
4456518,Control
6805654,Control
7728815,Control
5646178,Control
9755965,Control
6470753,Control
1235798,Control
4912879,Control
8287554,Control
7696017,Control
6840168,Control
1582402,Control
8543796,Control
7289367,Control
9452891,Control
5990202,Control
9637942,Control
1876212,Control
8666113,Control
2238419,Control
3597484,Control
5001834,Control
1751888,Control
7207981,Control
7670792,Control
754626,Control
6885697,Control
5007194,Control
1199036,Control
4413901,Control
8056131,Control
2113565,Control
6473365,Control
3112808,Control
8834364,Control
9678771,Control
2748869,Control
7026181,Control
1384630,Control
6643172,Control
9453906,Control
3431867,Control
8694482,Control
6995126,Control
1375726,Control
8476559,Control
5528242,Control
5175851,Control
722950,Control
5284103,Control
576893,Control
8623696,Control
3524354,Control
3371715,Control
9428704,Control
9442369,Control
134657,Control
4964119,Control
5960932,Control
9239428,Control
5948434,Control
8256199,Control
649821,Control
2113706,Control
9151563,Control
4191064,Control
587314,Control
3484825,Control
2676574,Control
7781142,Control
6216106,Control
7750337,Control
4149810,Control
6605153,Control
2560331,Control
1736962,Control
6088345,Control
4155300,Control
4031392,Control
8156436,Control
9996711,Control
20537,Control
9947042,Control
2300570,Control
9530171,Control
3675846,Control
3389527,Control
5203411,Control
2244086,Control
7966136,Control
8553127,Control
9257058,Control
195310,Control
8841326,Control
5531284,Control
6695772,Control
330024,Control
7533947,Control
6290836,Control
5604852,Control
25043,Control
2054719,Control
2690825,Control
4934404,Control
2814458,Control
3955964,Control
1881381,Control
7744808,Control
6375577,Control
6282405,Control
2197037,Control
92808,Control
982273,Control
7212046,Control
933717,Control
5135219,Control
6724958,Control
3270512,Control
2145568,Control
1153300,Control
2320742,Control
5446840,Control
7864981,Control
704957,Control
1132005,Control
8972228,Control
7501406,Control
8095595,Control
7087545,Control
1085682,Control
8278713,Control
892234,Control
7988764,Control
2111559,Control
5696154,Control
1970759,Control
2249993,Control
6697221,Control
6082949,Control
3163173,Control
2346767,Control
8276980,Control
4663558,Control
2074094,Control
6215911,Control
1971060,Control
8067184,Control
552600,Control
5398722,Control
9261496,Control
1432192,Control
9797077,Control
3876955,Control
5291166,Control
4244178,Control
6887099,Control
6341510,Control
3718550,Control
7675264,Control
2456828,Control
1674658,Control
5087709,Control
8031855,Control
9519918,Control
1661053,Control
1037226,Control
1777116,Control
5388529,Control
5138025,Control
2920410,Control
2457355,Control
296285,Control
8402513,Control
56529,Control
3835929,Control
1486639,Control
1286205,Control
7711967,Control
6278883,Control
1153740,Control
5550553,Control
1969889,Control
5848350,Control
5964503,Control
1829429,Control
6608771,Control
5543141,Control
2237617,Control
5682609,Control
7929795,Control
5237891,Control
1357942,Control
9187008,Control
2283044,Control
3165513,Control
1758410,Control
3433093,Control
9872392,Control
7409617,Control
8989943,Control
6743149,Control
9791984,Control
4102473,Control
8803603,Control
4871180,Control
4238536,Control
1589206,Control
4496935,Control
7954714,Control
6346474,Control
4506207,Control
8537775,Control
8479239,Control
3460496,Control
6024402,Control
2948707,Control
5140462,Control
5869320,Control
3076639,Control
1398233,Control
9635691,Control
2674901,Control
1283025,Control
8207810,Control
4266091,Control
679426,Control
6284634,Control
5070994,Control
5366640,Control
6675679,Control
4871055,Control
9076190,Control
3239909,Control
3416943,Control
1112135,Control
5757378,Control
7833014,Control
7861398,Control
6189931,Control
9065235,Control
841843,Control
6177293,Control
7171126,Control
2354035,Control
2839846,Control
1908897,Control
9166923,Control
2418795,Control
8389965,Control
1941269,Control
301097,Control
9428003,Control
5676993,Control
3112487,Control
2997807,Control
583917,Control
267117,Control
2529590,Control
9893523,Control
9575548,Control
4454797,Control
9166983,Control
7949729,Control
76776,Control
1736562,Control
4642152,Control
46223,Control
81102,Control
6159261,Control
4615840,Control
7829117,Control
4714822,Control
4985865,Control
6285761,Control
3272761,Control
4714892,Control
5518993,Control
9941048,Control
8274871,Control
2977461,Control
1491063,Control
4879920,Control
1744570,Control
4053170,Control
6174342,Control
5833025,Control
6744969,Control
8707725,Control
9880902,Control
9665382,Control
5438263,Control
1375628,Control
2413234,Control
2270034,Control
2158246,Control
1501050,Control
5764476,Control
1446719,Control
6756354,Control
7544596,Control
4485249,Control
8545770,Control
1052702,Control
6369921,Control
1814826,Control
6429670,Control
4447493,Control
1243518,Control
6192101,Control
3166954,Control
3249783,Control
4233950,Control
1387646,Control
8315626,Control
9402587,Control
6221891,Control
6741997,Control
2346401,Control
4255962,Control
2513132,Control
6466884,Control
8356074,Control
4421743,Control
5604547,Control
725177,Control
154658,Control
3627847,Control
1245725,Control
8163806,Control
781306,Control
6103484,Control
1119544,Control
8167168,Control
5556100,Control
6968255,Control
2255252,Control
5027912,Control
4206279,Control
1794872,Control
2289446,Control
2924134,Control
2071121,Control
2531839,Control
3542559,Control
7605909,Control
5850303,Control
8859689,Control
6587813,Control
1270300,Control
8654887,Control
4602770,Control
8339282,Control
1892205,Control
9254977,Control
9341510,Control
5744207,Control
4034714,Control
2343322,Control
8611098,Control
3497410,Control
3818808,Control
9299048,Control
6732225,Control
2946761,Control
721104,Control
7842221,Control
8499074,Control
5256648,Control
7419178,Control
5238327,Control
4900085,Control
7183351,Control
3961904,Control
6023597,Control
2359598,Control
2002054,Control
9826969,Control
2434294,Control
2413409,Control
4159208,Control
4164346,Control
9765552,Control
7344008,Control
9555295,Control
6518936,Control
9395390,Control
660424,Control
5730234,Control
507138,Control
8902243,Control
3154259,Control
2059449,Control
2584464,Control
8363289,Control
5021787,Control
2330451,Control
7041596,Control
5162401,Control
1212758,Control
9377464,Control
1462526,Control
59782,Control
3575737,Control
7707032,Control
2769726,Control
536297,Control
5382272,Control
1416540,Control
9791481,Control
9404172,Control
2818717,Control
6654261,Control
4987617,Control
6986049,Control
207721,Control
3945089,Control
7271731,Control
8475126,Control
3915713,Control
3061886,Control
8301753,Control
1626170,Control
1897577,Control
7351061,Control
5002874,Control
8723312,Control
1117521,Control
173084,Control
8734295,Control
5814099,Control
7922530,Control
7356967,Control
9678288,Control
2122069,Control
8649227,Control
3957553,Control
5387333,Control
2590512,Control
905694,Control
7160628,Control
1914701,Control
9460951,Control
2206536,Control
8926765,Control
7771439,Control
9605578,Control
9150536,Control
348166,Control
8163594,Control
1243066,Control
3795129,Control
252042,Control
4998090,Control
8656602,Control
6342356,Control
2673699,Control
4582506,Control
9646949,Control
5137559,Control
211709,Control
2659958,Control
1981098,Control
5759958,Control
8533320,Control
2114924,Control
4219223,Control
9505609,Control
9908836,Control
3005892,Control
4339704,Control
1024896,Control
7407660,Control
2343101,Control
9708531,Control
4397575,Control
7013557,Control
9566621,Control
1946062,Control
252744,Control
9825607,Control
6698105,Control
298442,Control
8126014,Control
1805764,Control
1384394,Control
7838471,Control
2048981,Control
9559072,Control
5947049,Control
598705,Control
9511384,Control
7813334,Control
3651773,Control
2389810,Control
9380150,Control
673924,Control
6814932,Control
1678171,Control
3760265,Control
638651,Control
7212530,Control
924425,Control
6977190,Control
923946,Control
4140577,Control
8488116,Control
1712416,Control
9123498,Control
1984039,Control
400773,Control
955207,Control
1835129,Control
550508,Control
7083844,Control
2345585,Control
2723013,Control
3989766,Control
8562036,Control
8567603,Control
6996763,Control
7962393,Control
1684699,Control
8507124,Control
9557567,Control
9061007,Control
9410580,Control
3517625,Control
766981,Control
1931127,Control
7069087,Control
9237252,Control
2898010,Control
1906589,Control
4250505,Control
5981077,Control
7672926,Control
2926683,Control
2311816,Control
8869149,Control
7323610,Control
7318823,Control
6870598,Control
7470775,Control
8057794,Control
7723505,Control
2922012,Control
2008219,Control
4194127,Control
6261592,Control
8497122,Control
7883642,Control
3701076,Control
8255460,Control
3662340,Control
8036059,Control
775603,Control
8312125,Control
8884917,Control
9015339,Control
3277706,Control
51706,Control
8291632,Control
5687200,Control
9426031,Control
7429945,Control
9591005,Control
9456356,Control
5831736,Control
8853635,Control
7058860,Control
6346401,Control
2761746,Control
9784360,Control
2577458,Control
9998921,Control
755807,Control
5271473,Control
7059930,Control
88378,Control
8905979,Control
3270754,Control
8166540,Control
8558911,Control
7721837,Control
8064827,Control
9659067,Control
3479663,Control
3106658,Control
8711938,Control
2575869,Control
5986882,Control
485563,Control
7178194,Control
5233697,Control
5494565,Control
5377711,Control
8276370,Control
6861827,Control
5266951,Control
8676136,Control
1260686,Control
7170304,Control
1510634,Control
8812664,Control
8322804,Control
2918922,Control
2615146,Control
2237790,Control
9998346,Control
1763163,Control
7564787,Control
5851918,Control
5165659,Control
8129452,Control
2780782,Control
4345698,Control
390870,Control
4438314,Control
6010786,Control
6042056,Control
8056996,Control
189053,Control
1417769,Control
6199133,Control
7153679,Control
3815578,Control
9204785,Control
9990752,Control
2585770,Control
851431,Control
1527518,Control
1351566,Control
8003567,Control
818487,Control
7434001,Control
2078711,Control
4380529,Control
6734035,Control
9334788,Control
2811682,Control
1927473,Control
1358392,Control
8050462,Control
8765560,Control
1949624,Control
6649391,Control
4366957,Control
9009897,Control
6253041,Control
7891584,Control
8622690,Control
3670962,Control
6581705,Control
5466929,Control
4069058,Control
4259212,Control
5260532,Control
8016554,Control
6549730,Control
1390689,Control
8211160,Control
9301632,Control
3609051,Control
878355,Control
8549364,Control
6394082,Control
2339127,Control
522175,Control
9072281,Control
5019623,Control
360131,Control
1123411,Control
9121064,Control
5923932,Control
1280941,Control
7792141,Control
8515834,Control
1817171,Control
9727959,Control
6839260,Control
716605,Control
325599,Control
5202902,Control
1538101,Control
5895617,Control
1417165,Control
7182287,Control
6706099,Control
3975091,Control
6997620,Control
1076900,Control
9080764,Control
1241841,Control
2001658,Control
1739648,Control
2291985,Control
5571908,Control
743771,Control
6398341,Control
2177777,Control
2800338,Control
5270566,Control
4164474,Control
2384121,Control
531099,Control
7998709,Control
6808282,Control
9281938,Control
4242754,Control
4541475,Control
6211184,Control
6046425,Control
7327492,Control
5902655,Control
3864216,Control
9716423,Control
2440014,Control
7593096,Control
4317880,Control
1309732,Control
9014870,Control
9358682,Control
9607461,Control
5002833,Control
1430829,Control
7759108,Control
4455559,Control
1686633,Control
3530347,Control
3828800,Control
4590672,Control
564880,Control
160466,Control
5094860,Control
5897837,Control
5161092,Control
3665399,Control
6674079,Control
9008485,Control
3265136,Control
8537308,Control
2446022,Control
2809689,Control
3340284,Control
4021663,Control
4227953,Control
7433855,Control
9384691,Control
2215598,Control
4352617,Control
9003187,Control
2015091,Control
9852814,Control
4836678,Control
375418,Control
6556257,Control
7302824,Control
9918317,Control
7724329,Control
1101457,Control
6025364,Control
7736525,Control
9764177,Control
5345981,Control
7871152,Control
7711789,Control
9846467,Control
7136705,Control
9971315,Control
2343009,Control
5938853,Control
2334881,Control
4660530,Control
5005636,Control
3812918,Control
6196705,Control
8270123,Control
7622766,Control
4555479,Control
7902253,Control
8221744,Control
1126201,Control
4834621,Control
1665618,Control
5341464,Control
6150009,Control
2654776,Control
5220040,Control
4115478,Control
6773952,Control
1062737,Control
9115050,Control
3417581,Control
6327246,Control
7273777,Control
1410085,Control
691598,Control
599543,Control
6579774,Control
9992229,Control
7121562,Control
9377779,Control
8247132,Control
5826449,Control
9347944,Control
9032753,Control
9389415,Control
6062754,Control
6412039,Control
8903501,Control
6702809,Control
6028450,Control
8267515,Control
1026120,Control
2823639,Control
3500486,Control
5055199,Control
8729528,Control
6604435,Control
5050235,Control
1909002,Control
3012770,Control
9894599,Control
1654172,Control
4554272,Control
9291970,Control
3004061,Control
7137381,Control
8810430,Control
1789128,Control
4605468,Control
3056753,Control
3753796,Control
1826311,Control
2486509,Control
4175085,Control
1957726,Control
2298096,Control
6694109,Control
3213774,Control
819616,Control
197518,Control
5746278,Control
4566888,Control
8440209,Control
2526422,Control
6195423,Control
1214906,Control
3286807,Control
9615620,Control
3605411,Control
2842705,Control
9906392,Control
6324646,Control
5508496,Control
3818147,Control
5673485,Control
4824035,Control
6128401,Control
4850062,Control
9475241,Control
6599610,Control
9177631,Control
135199,Control
1858758,Control
5896427,Control
1972845,Control
4414336,Control
5876035,Control
5244980,Control
64020,Control
9810092,Control
9703250,Control
8463178,Control
8127825,Control
9775178,Control
624870,Control
1334108,Control
2195887,Control
1834200,Control
4004030,Control
6930961,Control
848594,Control
2843287,Control
8492366,Control
6989213,Control
8430107,Control
3376862,Control
4111814,Control
1264596,Control
7069857,Control
7131988,Control
951158,Control
4367007,Control
6193335,Control
8549200,Control
9924963,Control
1425535,Control
4584820,Control
1547591,Control
6082639,Control
1830719,Control
7567972,Control
2368301,Control
1609577,Control
1718658,Control
6895747,Control
712774,Control
3658729,Control
5308892,Control
9624739,Control
3274870,Control
2056993,Control
5198942,Control
8870404,Control
386822,Control
3018742,Control
7948012,Control
9542219,Control
3571412,Control
124118,Control
6885955,Control
6486767,Control
6250726,Control
8922851,Control
8636491,Control
1916260,Control
8075799,Control
8986034,Control
174800,Control
7997826,Control
7779111,Control
499330,Control
2477521,Control
2753930,Control
4304366,Control
2624239,Control
8894950,Control
4367344,Control
7247905,Control
7390560,Control
6177093,Control
8990324,Control
3590194,Control
370067,Control
2521426,Control
587256,Control
4908946,Control
5304104,Control
3996280,Control
5635806,Control
4361016,Control
1398774,Control
8575724,Control
6256285,Control
3235286,Control
758940,Control
4415346,Control
1130005,Control
9465725,Control
8344032,Control
3154747,Control
1717048,Control
5226804,Control
4385232,Control
8854681,Control
839179,Control
639921,Control
6430083,Control
5618153,Control
4992429,Control
8876196,Control
9317716,Control
4151424,Control
180142,Control
2909421,Control
7336320,Control
1654737,Control
8682715,Control
4382388,Control
9187146,Control
8804547,Control
2607391,Control
2824309,Control
9776532,Control
9212011,Control
4147941,Control
2056063,Control
6623236,Control
2057277,Control
5163858,Control
8407471,Control
7453240,Control
4376392,Control
4893132,Control
6449098,Control
1646013,Control
7295877,Control
8813652,Control
1879312,Control
1873161,Control
9492169,Control
9200854,Control
9246839,Control
6644139,Control
6122174,Control
3488614,Control
8333682,Control
1512596,Control
8713803,Control
4450104,Control
8802310,Control
6121045,Control
6243872,Control
8509827,Control
7230641,Control
2667297,Control
2319207,Control
6569187,Control
4780076,Control
3573937,Control
8251595,Control
559132,Control
975818,Control
1294070,Control
6915397,Control
2596734,Control
8574639,Control
7543100,Control
2882001,Control
3753816,Control
9920073,Control
8593187,Control
4576979,Control
7681842,Control
9876208,Control
2804439,Control
6396036,Control
1134427,Control
5709458,Control
2982062,Control
1468708,Control
6856325,Control
5373695,Control
3273879,Control
9995265,Control
6484212,Control
2896984,Control
9311445,Control
7769451,Control
3089314,Control
3092020,Control
351701,Control
2694857,Control
9218453,Control
5581699,Control
5464222,Control
5148739,Control
6746507,Control
188427,Control
4441049,Control
4359773,Control
7481862,Control
4089083,Control
9825378,Control
4319831,Control
1878058,Control
8470777,Control
6574716,Control
9032952,Control
1783016,Control
5146201,Control
743562,Control
7679143,Control
8648392,Control
571660,Control
3372333,Control
6343599,Control
2402627,Control
1229810,Control
7730070,Control
507610,Control
3720479,Control
3316547,Control
7600180,Control
1316517,Control
257411,Control
807085,Control
2402724,Control
2950345,Control
1773846,Control
8104273,Control
2506665,Control
1550660,Control
5748369,Control
9216762,Control
9112360,Control
3625903,Control
2148617,Control
5572700,Control
237500,Control
2037145,Control
670680,Control
7427550,Control
9308684,Control
7744299,Control
1544000,Control
1037841,Control
1788062,Control
9187532,Control
7302865,Control
9482109,Control
6119380,Control
4992703,Control
6512725,Control
4671186,Control
1547304,Control
4296854,Control
591271,Control
7658296,Control
7007182,Control
4563966,Control
7948074,Control
8045069,Control
5425553,Control
7858139,Control
7017598,Control
1567647,Control
6003151,Control
3640582,Control
7816887,Control
1014761,Control
1494066,Control
1887771,Control
7867896,Control
7306464,Control
8131034,Control
6035461,Control
6383598,Control
2456244,Control
6206471,Control
5755427,Control
2870012,Control
7479028,Control
1833184,Control
1272986,Control
413993,Control
3017951,Control
2230504,Control
795621,Control
2584570,Control
202925,Control
4244266,Control
5278154,Control
5104680,Control
5624781,Control
7731145,Control
5834652,Control
1982824,Control
1290963,Control
6024126,Control
5359706,Control
7780474,Control
6499742,Control
3264860,Control
2818618,Control
9554309,Control
8221810,Control
3351016,Control
2557654,Control
7193174,Control
5978090,Control
4136269,Control
9744074,Control
6263948,Control
6776051,Control
8694251,Control
1463030,Control
4461753,Control
6305941,Control
6078415,Control
3351699,Control
5167837,Control
9691746,Control
1444506,Control
6300223,Control
1952790,Control
8444187,Control
1936232,Control
2816492,Control
2677821,Control
3073360,Control
1464215,Control
2958474,Control
9107161,Control
7083484,Control
553433,Control
9577456,Control
9502815,Control
5470655,Control
3078770,Control
39075,Control
1963436,Control
5288278,Control
5388523,Control
2199896,Control
78728,Control
9656018,Control
6343258,Control
6936123,Control
116505,Control
3189056,Control
4499260,Control
9582040,Control
737256,Control
1764441,Control
2671983,Control
9367319,Control
1828019,Control
1167117,Control
4173840,Control
8543746,Control
5550353,Control
8791345,Control
5581664,Control
7882689,Control
6273703,Control
8196373,Control
9670293,Control
363428,Control
4988674,Control
8266123,Control
8227073,Control
6318309,Control
5235557,Control
4506908,Control
5305907,Control
8924772,Control
8058675,Control
5347505,Control
8877609,Control
8155757,Control
4963858,Control
313789,Control
3659871,Control
6954857,Control
5158534,Control
6620552,Control
8733111,Control
3781628,Control
1091527,Control
5406158,Control
7556563,Control
4524298,Control
3678353,Control
6960924,Control
1587933,Control
6153364,Control
3331643,Control
8540069,Control
8606609,Control
9779014,Control
547645,Control
9039541,Control
8681155,Control
4955045,Control
1860313,Control
2290198,Control
3347344,Control
3346785,Control
1276788,Control
2642188,Control
7812434,Control
8865940,Control
7875969,Control
2747827,Control
6577144,Control
1733676,Control
2875143,Control
5639457,Control
8590778,Control
5360325,Control
8518928,Control
7205566,Control
5100032,Control
551983,Control
9923135,Control
8200453,Control
3412302,Control
6196471,Control
9795026,Control
7378754,Control
7590829,Control
1333739,Control
1543625,Control
5789634,Control
3308183,Control
7193766,Control
4796339,Control
348888,Control
3987031,Control
6745557,Control
9020037,Control
3232335,Control
6058303,Control
8119258,Control
1133440,Control
3003906,Control
7475446,Control
8139916,Control
997518,Control
8782604,Control
4225078,Control
479136,Control
9234234,Control
7176202,Control
812876,Control
8262929,Control
143610,Control
3643142,Control
6784404,Control
6577754,Control
958866,Control
1533341,Control
9390249,Control
4981191,Control
3871715,Control
4351997,Control
5530246,Control
4958552,Control
6008322,Control
9967456,Control
6228162,Control
1323964,Control
6568227,Control
2302204,Control
4728164,Control
2414260,Control
7304289,Control
1723024,Control
7170156,Control
2773719,Control
3160599,Control
684475,Control
5176307,Control
6738523,Control
7333123,Control
8270136,Control
6481217,Control
8412454,Control
7064582,Control
3709934,Control
1087096,Control
7293875,Control
2438878,Control
8350451,Control
3727654,Control
3095218,Control
640912,Control
9060474,Control
5342345,Control
4876466,Control
5698093,Control
5120012,Control
588310,Control
2500540,Control
7879141,Control
7281713,Control
7693669,Control
5635789,Control
6636152,Control
1287799,Control
1974569,Control
7505034,Control
9080557,Control
3969814,Control
7585238,Control
1976026,Control
1545297,Control
4534750,Control
1834743,Control
7073335,Control
3193267,Control
8866465,Control
4852436,Control
5779610,Control
9055013,Control
5328127,Control
4534338,Control
2898903,Control
7149752,Control
6024101,Control
3015438,Control
1159283,Control
6867040,Control
2306958,Control
5323237,Control
8161448,Control
8726546,Control
7426976,Control
2990991,Control
6332248,Control
196286,Control
142725,Control
9985791,Control
6824514,Control
3501202,Control
2791163,Control
2787388,Control
258563,Control
8701931,Control
7386334,Control
9423009,Control
5473234,Control
7035391,Control
6539202,Control
7392759,Control
7064888,Control
674772,Control
3329377,Control
7366686,Control
5768721,Control
6919066,Control
6221871,Control
8546353,Control
714163,Control
1522030,Control
1468213,Control
9580856,Control
5308804,Control
2131405,Control
2552297,Control
601217,Control
2757359,Control
598097,Control
6518665,Control
971542,Control
4089647,Control
762640,Control
3605932,Control
5329164,Control
4469170,Control
8842108,Control
4048916,Control
1919830,Control
1467266,Control
6618584,Control
3174112,Control
5340728,Control
8847678,Control
7507433,Control
2787096,Control
3301689,Control
9543903,Control
708185,Control
3461504,Control
9591545,Control
9644538,Control
6949619,Control
4204704,Control
8397063,Control
6036986,Control
3519352,Control
3816420,Control
8863115,Control
9282432,Control
5762524,Control
5242709,Control
9088264,Control
2422256,Control
1211032,Control
5814834,Control
9635595,Control
6428126,Control
3186737,Control
1137924,Control
9552724,Control
8032762,Control
2243728,Control
8513931,Control
7037208,Control
3536844,Control
6707547,Control
9547634,Control
7990507,Control
4360774,Control
7705023,Control
3984491,Control
5592653,Control
2837581,Control
9914393,Control
8065566,Control
3787666,Control
8630873,Control
6794134,Control
2145707,Control
1787989,Control
1359733,Control
80241,Control
7557591,Control
3336636,Control
4599161,Control
8556009,Control
4291659,Control
7859820,Control
3207832,Control
8038016,Control
3483828,Control
4907227,Control
6564529,Control
5804553,Control
4366051,Control
5228586,Control
8548327,Control
5603421,Control
4851897,Control
4467366,Control
256308,Control
2999505,Control
8329247,Control
8557925,Control
969629,Control
776238,Control
4618842,Control
3407712,Control
7042750,Control
8092909,Control
5011535,Control
5815400,Control
447329,Control
6631849,Control
7076854,Control
4666567,Control
4841549,Control
7897586,Control
9523156,Control
7243286,Control
1056766,Control
7528312,Control
8853128,Control
3826360,Control
7603714,Control
3751948,Control
3575714,Control
3009615,Control
356001,Control
5349267,Control
3628306,Control
4447990,Control
2386890,Control
8084087,Control
5959759,Control
7123759,Control
2276074,Control
6085850,Control
3755455,Control
5206236,Control
1121924,Control
3260159,Control
6521044,Control
2478101,Control
6206958,Control
4839740,Control
4842397,Control
9604567,Control
9566165,Control
2029526,Control
7005816,Control
5971139,Control
8628250,Control
8438038,Control
7604827,Control
2460890,Control
810784,Control
684071,Control
5133374,Control
9756442,Control
1175984,Control
5763881,Control
1477604,Control
1360607,Control
6444307,Control
1690659,Control
1240217,Control
2629010,Control
2813430,Control
1792599,Control
8506693,Control
3799739,Control
3417010,Control
6313562,Control
7775205,Control
54477,Control
2333169,Control
6993607,Control
2457806,Control
3290498,Control
8201692,Control
6160544,Control
9264924,Control
4711825,Control
735147,Control
7397618,Control
7453529,Control
5203357,Control
4717641,Control
4714730,Control
4003311,Control
591106,Control
6471457,Control
9698929,Control
8363116,Control
6522337,Control
1244379,Control
5571051,Control
447488,Control
6518994,Control
9815599,Control
8493650,Control
7702688,Control
4390066,Control
902073,Control
3053434,Control
8745059,Control
8378593,Control
3095495,Control
7272137,Control
3354201,Control
3813722,Control
8414396,Control
687111,Control
3804361,Control
4021585,Control
4434158,Control
4361726,Control
248485,Control
7208863,Control
5704916,Control
6879419,Control
4735442,Control
5071081,Control
1523427,Control
268441,Control
8346839,Control
1500865,Control
3433998,Control
365868,Control
617967,Control
7770671,Control
6181981,Control
6356056,Control
8319134,Control
943015,Control
766994,Control
7627322,Control
8565062,Control
2225489,Control
1539019,Control
9228904,Control
2266179,Control
8882404,Control
596662,Control
6356888,Control
6245519,Control
7456717,Control
4829041,Control
9561726,Control
7343267,Control
719719,Control
4223910,Control
5023355,Control
8083493,Control
329693,Control
273319,Control
4803230,Control
4222194,Control
4058793,Control
1089084,Control
6190008,Control
9089219,Control
7311785,Control
4541952,Control
9546928,Control
3568571,Control
5744745,Control
766134,Control
9137627,Control
3992880,Control
487248,Control
3246756,Control
4180738,Control
6534417,Control
2428657,Control
8882285,Control
5629703,Control
2844542,Control
807290,Control
8849704,Control
4497001,Control
44060,Control
7120360,Control
6370960,Control
3615899,Control
5599611,Control
4441540,Control
5166587,Control
5155056,Control
9977376,Control
7771551,Control
7752289,Control
1533053,Control
8512553,Control
736140,Control
5733841,Control
9512888,Control
4775181,Control
4221851,Control
3179251,Control
2817075,Control
1941406,Control
730497,Control
4536886,Control
7552674,Control
4374496,Control
6906337,Control
3487399,Control
6487222,Control
7215479,Control
7260404,Control
7111036,Control
7159996,Control
5907556,Control
5725984,Control
6786954,Control
7623010,Control
336414,Control
548340,Control
9809505,Control
385931,Control
605712,Control
2016479,Control
5784242,Control
3659772,Control
2171694,Control
5358001,Control
3557672,Control
4787070,Control
1006425,Control
8883783,Control
7519157,Control
7286566,Control
7751403,Control
9066578,Control
8173437,Control
3660479,Control
1022510,Control
884196,Control
3117099,Control
4926351,Control
8634380,Control
3405825,Control
804448,Control
855588,Control
883426,Control
8707681,Control
9948277,Control
7221973,Control
7020628,Control
1204853,Control
629394,Control
969981,Control
6283243,Control
9267718,Control
247432,Control
374721,Control
6828863,Control
2000413,Control
9894786,Control
3178933,Control
4044961,Control
2808682,Control
1518352,Control
9472337,Control
9888660,Control
9990036,Control
3941959,Control
9507038,Control
4942822,Control
2423061,Control
4539624,Control
6251197,Control
6195250,Control
1162541,Control
9343636,Control
8446876,Control
4391098,Control
6474386,Control
332073,Control
1771091,Control
2949346,Control
3565152,Control
9692825,Control
5591208,Control
1333586,Control
9456922,Control
9234181,Control
3237279,Control
3076584,Control
5322875,Control
7439988,Control
827403,Control
7181622,Control
1782140,Control
2348065,Control
1433050,Control
9660940,Control
5482492,Control
4244755,Control
5016479,Control
7951212,Control
8593025,Control
3671999,Control
7431054,Control
7419738,Control
4384189,Control
4219831,Control
1769630,Control
4287473,Control
1072043,Control
5382317,Control
2440502,Control
3339759,Control
2174062,Control
7731901,Control
4476586,Control
9114930,Control
8980435,Control
600986,Control
8778124,Control
5554652,Control
4647155,Control
1201610,Control
5143272,Control
8405384,Control
4499745,Control
3361320,Control
5667764,Control
7414306,Control
3454937,Control
3959756,Control
359623,Control
613885,Control
1545778,Control
7822945,Control
1767070,Control
1126962,Control
8295461,Control
8266473,Control
3852267,Control
2523032,Control
7780499,Control
6428137,Control
4688121,Control
4641906,Control
6074871,Control
7179464,Control
3672487,Control
2405235,Control
2853895,Control
3863604,Control
3977457,Control
6195381,Control
7342784,Control
3583530,Control
5644734,Control
9734632,Control
571215,Control
4652641,Control
9460978,Control
6098751,Control
7132934,Control
1543470,Control
6583172,Control
3088472,Control
6683301,Control
9804197,Control
2300964,Control
6835222,Control
3648962,Control
1965643,Control
9537000,Control
4699965,Control
6573166,Control
1028,Control
6735618,Control
7324589,Control
8185425,Control
2623075,Control
8924994,Control
2124031,Control
1246588,Control
6750821,Control
9182233,Control
6493949,Control
9547620,Control
44860,Control
831384,Control
4833023,Control
3064392,Control
316463,Control
4232218,Control
5193751,Control
9432876,Control
2318298,Control
6585215,Control
6870401,Control
9217251,Control
8829272,Control
1731797,Control
8349921,Control
5818454,Control
6736331,Control
9947548,Control
7535519,Control
6363669,Control
7389972,Control
2082482,Control
2026269,Control
9357458,Control
4979805,Control
4533579,Control
2487224,Control
7096018,Control
6338574,Control
556786,Control
3173168,Control
443217,Control
4122278,Control
4332246,Control
5951379,Control
2468846,Control
1829130,Control
3592203,Control
7328589,Control
9767,Control
5390890,Control
5769238,Control
7294858,Control
7793440,Control
1450299,Control
959159,Control
9434640,Control
4784661,Control
8562779,Control
2477779,Control
6472931,Control
3861536,Control
9780489,Control
4869758,Control
7189412,Control
3785315,Control
4850878,Control
8639504,Control
7902487,Control
1746014,Control
6152374,Control
9327231,Control
4300142,Control
5025948,Control
7831512,Control
6569137,Control
2424440,Control
760039,Control
697991,Control
5948961,Control
7684950,Control
4902397,Control
9840868,Control
9708366,Control
3750959,Control
7702264,Control
2280494,Control
417189,Control
692988,Control
4137479,Control
7146571,Control
1515194,Control
1678744,Control
608002,Control
7480585,Control
7625763,Control
4667358,Control
7871843,Control
70225,Control
2892201,Control
8138517,Control
1659647,Control
8885509,Control
7512247,Control
7507388,Control
2809024,Control
5836023,Control
7525052,Control
9113216,Control
1626394,Control
9903340,Control
8684711,Control
7928204,Control
6730951,Control
7749137,Control
6744614,Control
4999406,Control
9442227,Control
1593316,Control
5796110,Control
918615,Control
3241023,Control
9291291,Control
6978184,Control
2641426,Control
4767003,Control
2782815,Control
1172182,Control
4999976,Control
1750217,Control
7733547,Control
8217726,Control
2372059,Control
5590652,Control
9974418,Control
4850132,Control
5934113,Control
4429076,Control
4934696,Control
1848852,Control
1510545,Control
3320692,Control
782399,Control
4769605,Control
8634098,Control
9114074,Control
5109760,Control
3019314,Control
2025734,Control
8343132,Control
8129844,Control
1511216,Control
9594093,Control
6649803,Control
1378200,Control
34267,Control
7681476,Control
9229187,Control
5873674,Control
8095059,Control
5230191,Control
1279876,Control
2021214,Control
8104112,Control
8984143,Control
3032968,Control
6891366,Control
2908364,Control
5466411,Control
8453834,Control
6120879,Control
5979202,Control
7377886,Control
6758941,Control
5599344,Control
364797,Control
3046140,Control
7268161,Control
2606861,Control
1029878,Control
6798485,Control
1323464,Control
4264493,Control
9051794,Control
7680044,Control
7140331,Control
490194,Control
5696946,Control
1077660,Control
5705780,Control
9506481,Control
577051,Control
5870289,Control
6658101,Control
8286876,Control
9295921,Control
2157030,Control
2268955,Control
7617963,Control
7628980,Control
144244,Control
7425904,Control
751629,Control
1177211,Control
3769397,Control
229500,Control
8643625,Control
351690,Control
9008521,Control
7284084,Control
58001,Control
9257507,Control
6800204,Control
1526516,Control
3467814,Control
8234708,Control
2501361,Control
6642683,Control
2933843,Control
3413877,Control
3720267,Control
7026629,Control
6105304,Control
4909695,Control
3799215,Control
5743376,Control
2384314,Control
6316298,Control
4973353,Control
8267456,Control
7324324,Control
9268742,Control
7210502,Control
7766714,Control
6575899,Control
4818367,Control
1167772,Control
639155,Control
760016,Control
6076924,Control
4064683,Control
4983343,Control
5098792,Control
1828012,Control
5730041,Control
5657651,Control
9118193,Control
8563929,Control
7002389,Control
4784017,Control
5791732,Control
3425156,Control
9251910,Control
2644661,Control
2272471,Control
962154,Control
1135517,Control
3856984,Control
4930148,Control
51902,Control
2858813,Control
8043664,Control
6144971,Control
2225879,Control
4527524,Control
4862163,Control
2041839,Control
5176605,Control
8597536,Control
2858890,Control
3660919,Control
5460204,Control
3609111,Control
8576259,Control
3486930,Control
6400565,Control
6306786,Control
6829825,Control
7159204,Control
4570653,Control
3606496,Control
9463951,Control
7553621,Control
8943719,Control
1453196,Control
7730310,Control
660908,Control
3728468,Control
8347678,Control
6284860,Control
6231369,Control
6275502,Control
7160458,Control
8631773,Control
1029090,Control
6155943,Control
3478652,Control
9633577,Control
6625127,Control
2496847,Control
1002662,Control
6578740,Control
1490700,Control
4359068,Control
314958,Control
5459984,Control
1393419,Control
8884289,Control
2027427,Control
2928369,Control
2679854,Control
9631463,Control
4159523,Control
58676,Control
7650184,Control
3652385,Control
7957034,Control
1245517,Control
8993080,Control
9072929,Control
4977487,Control
2895726,Control
5881854,Control
7996632,Control
2381834,Control
5581176,Control
2692859,Control
8392344,Control
8448994,Control
48431,Control
155526,Control
7077097,Control
3183825,Control
4858328,Control
9440795,Control
4840910,Control
2080581,Control
6777405,Control
708151,Control
7378177,Control
9365834,Control
8301761,Control
5019653,Control
9310803,Control
7448941,Control
4174906,Control
8403267,Control
489091,Control
6747997,Control
768381,Control
5258687,Control
797239,Control
4834461,Control
7889828,Control
1057612,Control
5851066,Control
6505771,Control
6725650,Control
2236396,Control
7826041,Control
511522,Control
6479537,Control
5869847,Control
1445747,Control
7487451,Control
5691218,Control
437728,Control
5518238,Control
4097966,Control
6654915,Control
322818,Control
7655906,Control
5440190,Control
6948674,Control
4869763,Control
2285493,Control
2656053,Control
9892505,Control
9278876,Control
5956524,Control
6621265,Control
1230361,Control
18660,Control
8480506,Control
8360296,Control
6985019,Control
4135204,Control
939103,Control
9444752,Control
3999713,Control
6674162,Control
6542956,Control
1870867,Control
5209167,Control
4663714,Control
3933930,Control
2846325,Control
5120779,Control
2440061,Control
8668145,Control
5532383,Control
8098846,Control
9158093,Control
5107674,Control
6664483,Control
1867167,Control
2489233,Control
4859799,Control
447683,Control
5432293,Control
2760021,Control
1556654,Control
7035749,Control
148099,Control
7913825,Control
8376983,Control
963331,Control
8334958,Control
1057837,Control
6001755,Control
9018854,Control
943088,Control
4536163,Control
9147181,Control
41652,Control
672908,Control
4116773,Control
6064610,Control
1965826,Control
6193750,Control
6671803,Control
1113720,Control
9991468,Control
3756644,Control
2290927,Control
2340168,Control
2286455,Control
6941992,Control
1918474,Control
2415092,Control
1911636,Control
5159193,Control
521369,Control
5879670,Control
4537053,Control
9297547,Control
7418594,Control
2759368,Control
1095601,Control
9269500,Control
2482142,Control
6099672,Control
431651,Control
4650340,Control
1761728,Control
1370785,Control
2876027,Control
6058229,Control
1410142,Control
631044,Control
8424664,Control
3637652,Control
8188609,Control
8296273,Control
1399675,Control
1617112,Control
3127374,Control
6858280,Control
8179872,Control
8540997,Control
7830689,Control
1260955,Control
9739339,Control
2122247,Control
6482951,Control
8189521,Control
8207575,Control
6865229,Control
2859899,Control
7018631,Control
5255174,Control
7599966,Control
6169793,Control
1078722,Control
8316729,Control
1941162,Control
375834,Control
3493690,Control
313763,Control
4058168,Control
6485924,Control
8704483,Control
2204585,Control
8847290,Control
4820960,Control
3544864,Control
4337357,Control
5403497,Control
4834157,Control
2987813,Control
8513018,Control
3922923,Control
3856683,Control
2605545,Control
9844979,Control
432606,Control
3201142,Control
4583214,Control
1334820,Control
4649308,Control
189571,Control
5294139,Control
118358,Control
8615702,Control
5145887,Control
8118015,Control
6760620,Control
3487866,Control
8609870,Control
5927068,Control
7675087,Control
535673,Control
1155076,Control
1434262,Control
7018373,Control
8803177,Control
9164530,Control
4924256,Control
9837208,Control
6666681,Control
2479632,Control
6783693,Control
5533046,Control
9083361,Control
7421288,Control
6803274,Control
5596531,Control
2440065,Control
8518108,Control
2337168,Control
4055484,Control
7034453,Control
8098497,Control
7923758,Control
1679573,Control
2846471,Control
5133112,Control
4773363,Control
6926480,Control
4839425,Control
3258934,Control
6953767,Control
5491826,Control
3631101,Control
1511438,Control
5555790,Control
9779287,Control
5168225,Control
9303642,Control
8052264,Control
6243085,Control
8696471,Control
3695333,Control
7030424,Control
3036360,Control
8771156,Control
2207194,Control
4059220,Control
3066917,Control
5661956,Control
1583051,Control
7884221,Control
6809872,Control
6295796,Control
1354988,Control
9402694,Control
9244153,Control
6444310,Control
6950569,Control
1406623,Control
2779383,Control
4581219,Control
5764579,Control
2214131,Control
9659405,Control
801206,Control
146205,Control
6951699,Control
8628870,Control
3113411,Control
2452704,Control
8139839,Control
8057726,Control
567010,Control
9037822,Control
3539265,Control
5932743,Control
3984566,Control
5815996,Control
848708,Control
614793,Control
225062,Control
2561603,Control
8538371,Control
6780449,Control
1494303,Control
6487753,Control
4480133,Control
2496055,Control
9390306,Control
1572656,Control
6013375,Control
719883,Control
6650627,Control
9887604,Control
7996810,Control
5056326,Control
9565543,Control
451805,Control
9368637,Control
147316,Control
4966245,Control
3948065,Control
9814833,Control
2056534,Control
4601112,Control
5095048,Control
6747044,Control
7821049,Control
3298633,Control
8921152,Control
5100842,Control
8587319,Control
2294048,Control
6371557,Control
7621143,Control
4057296,Control
2590779,Control
2431205,Control
305138,Control
9600414,Control
259061,Control
5260896,Control
4997941,Control
7155688,Control
9893613,Control
2467238,Control
4341826,Control
5301524,Control
2413185,Control
8833500,Control
753497,Control
2156245,Control
7764616,Control
8413298,Control
5671912,Control
117621,Control
5479150,Control
9740305,Control
9325737,Control
6588167,Control
216445,Control
7845538,Control
9823613,Control
2210369,Control
6101609,Control
1681498,Control
1106518,Control
4071492,Control
7396897,Control
5037815,Control
2774365,Control
62498,Control
3429201,Control
6324016,Control
9267164,Control
9862146,Control
7567165,Control
4224830,Control
16549,Control
3677321,Control
8442966,Control
2299180,Control
3561382,Control
1556209,Control
4330745,Control
4396676,Control
3787037,Control
4323886,Control
4394027,Control
209532,Control
1091725,Control
2896887,Control
2639289,Control
1758289,Control
6683468,Control
2792508,Control
1752228,Control
9742169,Control
1350115,Control
9323446,Control
6071724,Control
9689259,Control
3432305,Control
7356175,Control
7462323,Control
7623562,Control
4617245,Control
5200509,Control
2996184,Control
2258357,Control
7959734,Control
5847269,Control
4882043,Control
5687525,Control
5897504,Control
5215088,Control
4672667,Control
9722282,Control
4450397,Control
1447441,Control
526852,Control
9409443,Control
2646813,Control
4632182,Control
8720490,Control
9745902,Control
7102262,Control
2179845,Control
6286291,Control
2661111,Control
1002215,Control
1129041,Control
4870905,Control
6901638,Control
8881896,Control
7112502,Control
4755991,Control
34501,Control
4020788,Control
8864170,Control
1608794,Control
9109142,Control
8307496,Control
6672662,Control
4010832,Control
6279664,Control
2858874,Control
4302941,Control
5567727,Control
6380010,Control
6595036,Control
1664571,Control
5628601,Control
8334353,Control
8534878,Control
3011825,Control
3983119,Control
419610,Control
2940782,Control
4777731,Control
5486491,Control
5559421,Control
3030068,Control
1856181,Control
713054,Control
6071985,Control
9026435,Control
7320092,Control
9988960,Control
7571648,Control
8001103,Control
6025281,Control
437817,Control
4598396,Control
5582954,Control
929350,Control
5510017,Control
5038429,Control
7949757,Control
4467891,Control
1991753,Control
465564,Control
4502426,Control
528117,Control
6099011,Control
8536418,Control
3615947,Control
9784284,Control
5707486,Control
1956921,Control
2682091,Control
4542144,Control
5007479,Control
8840854,Control
4914626,Control
1143562,Control
8239889,Control
7851008,Control
2337961,Control
4245137,Control
2894722,Control
2244759,Control
142579,Control
5328856,Control
9450972,Control
3634458,Control
8037374,Control
9801953,Control
9642462,Control
1535483,Control
5554534,Control
7795403,Control
6784733,Control
4303935,Control
4201434,Control
8198551,Control
4760752,Control
5490692,Control
1059936,Control
2917495,Control
124916,Control
506320,Control
21719,Control
1156656,Control
7527045,Control
2642558,Control
3301121,Control
7190924,Control
7254866,Control
6269285,Control
7972615,Control
4870954,Control
8299838,Control
6244536,Control
7981938,Control
6098651,Control
2487043,Control
4599654,Control
5199268,Control
173122,Control
1675211,Control
4296061,Control
3460330,Control
7875206,Control
4129506,Control
3709078,Control
5943233,Control
5984744,Control
7967929,Control
274222,Control
8037764,Control
1151820,Control
2655879,Control
6568325,Control
360816,Control
5669742,Control
1214272,Control
2764858,Control
204212,Control
7235377,Control
7015011,Control
4035305,Control
5950401,Control
4239236,Control
5888582,Control
7015044,Control
5839602,Control
5119457,Control
5937847,Control
2145364,Control
9891451,Control
309715,Control
7051278,Control
2823601,Control
8949568,Control
6153026,Control
1023056,Control
6048258,Control
6800843,Control
9424618,Control
7098358,Control
3678422,Control
9936617,Control
3990106,Control
5729005,Control
4224941,Control
9520090,Control
6543439,Control
7279483,Control
319971,Control
1402734,Control
8530828,Control
1410032,Control
6676076,Control
9253375,Control
6935374,Control
9640857,Control
8828227,Control
7566046,Control
1351826,Control
1578062,Control
6968851,Control
9097776,Control
5702891,Control
8646938,Control
7437418,Control
7915924,Control
240468,Control
1259453,Control
3013641,Control
8933080,Control
6799854,Control
5351307,Control
4886673,Control
6800831,Control
6975917,Control
6526012,Control
4971958,Control
2163565,Control
7298873,Control
213870,Control
3046631,Control
6793307,Control
1774241,Control
3394481,Control
7657181,Control
6340549,Control
7577983,Control
5588572,Control
4474393,Control
8259219,Control
7017113,Control
2981422,Control
8397993,Control
3043425,Control
6067591,Control
3788076,Control
8054675,Control
5595433,Control
962572,Control
5965286,Control
2096514,Control
7491468,Control
7680560,Control
354981,Control
4428440,Control
3143882,Control
3290167,Control
1469028,Control
8071857,Control
3169493,Control
5389964,Control
4054828,Control
8440177,Control
6157535,Control
7280152,Control
2041875,Control
206829,Control
6476776,Control
9348657,Control
3777764,Control
9127541,Control
8034741,Control
3887490,Control
1011301,Control
8702776,Control
9436763,Control
6062375,Control
2230975,Control
3355848,Control
5509909,Control
749498,Control
9020045,Control
4764978,Control
9295408,Control
7617111,Control
9535483,Control
706799,Control
9940066,Control
5219396,Control
8672996,Control
4738135,Control
809658,Control
73910,Control
260054,Control
6229922,Control
4851372,Control
6071177,Control
9443496,Control
2288204,Control
5240787,Control
7186706,Control
5791498,Control
6914362,Control
6587318,Control
2835130,Control
2458299,Control
6495652,Control
6569413,Control
5818842,Control
7959689,Control
2127092,Control
2468473,Control
3361098,Control
8168710,Control
9518848,Control
6572513,Control
5249821,Control
3727435,Control
6152291,Control
3075422,Control
4110011,Control
5990729,Control
1169304,Control
3690078,Control
8923312,Control
5044959,Control
2013905,Control
6104853,Control
446547,Control
7325425,Control
2552663,Control
2911637,Control
3974644,Control
6147265,Control
5818148,Control
8790955,Control
9441943,Control
3270998,Control
979630,Control
4306172,Control
6039880,Control
6746439,Control
6120460,Control
5908745,Control
1066894,Control
2665992,Control
5738664,Control
5861436,Control
9369501,Control
939325,Control
6985890,Control
5774314,Control
9957316,Control
8307059,Control
6106057,Control
731715,Control
9297863,Control
3873870,Control
6429390,Control
4754251,Control
7345124,Control
5259609,Control
7736243,Control
3611790,Control
3719087,Control
5412295,Control
5093458,Control
4635161,Control
8960535,Control
8225975,Control
6918656,Control
9369945,Control
4934172,Control
7448490,Control
3482195,Control
4804595,Control
8925152,Control
3115010,Control
7610723,Control
3432773,Control
9082610,Control
8357092,Control
6457073,Control
1277925,Control
6705039,Control
1231545,Control
7080641,Control
4039539,Control
182574,Control
262201,Control
6147241,Control
1979382,Control
6191203,Control
2791797,Control
1768737,Control
9042935,Control
4257128,Control
6219217,Control
5824640,Control
4565303,Control
8041642,Control
9670706,Control
6255304,Control
8201583,Control
2713154,Control
6246059,Control
7833327,Control
3135759,Control
301141,Control
4960794,Control
653767,Control
1774247,Control
6555622,Control
8754433,Control
7603403,Control
5318185,Control
5136652,Control
8453230,Control
8350244,Control
9066398,Control
902081,Control
6035003,Control
4946270,Control
7031731,Control
6265100,Control
864068,Control
3304630,Control
5330195,Control
846436,Control
7694067,Control
5399074,Control
2092341,Control
3781653,Control
8065916,Control
6090253,Control
5603661,Control
1573977,Control
8417937,Control
593044,Control
7015724,Control
4123816,Control
3261109,Control
229242,Control
7032805,Control
5810345,Control
8677207,Control
7184846,Control
2864159,Control
7698220,Control
6778179,Control
4629381,Control
6377949,Control
4327050,Control
2100720,Control
4712959,Control
678560,Control
1578954,Control
2319604,Control
8524358,Control
3880183,Control
7316928,Control
6802407,Control
1076459,Control
6871774,Control
2389989,Control
2247921,Control
5250259,Control
3767825,Control
8866570,Control
9421926,Control
4661343,Control
8427848,Control
5829371,Control
9251802,Control
2368401,Control
632711,Control
2185235,Control
5863138,Control
7473225,Control
5712785,Control
7778763,Control
8195272,Control
5868356,Control
5361481,Control
7505803,Control
1037038,Control
9770321,Control
4944295,Control
8358616,Control
3412732,Control
1101942,Control
4968571,Control
8237457,Control
9981611,Control
8086273,Control
249333,Control
6407595,Control
7980054,Control
5161793,Control
5574917,Control
9946332,Control
8113030,Control
853404,Control
5481163,Control
1788780,Control
9685596,Control
4292181,Control
9910139,Control
1200071,Control
3312433,Control
9438460,Control
2736143,Control
7295005,Control
7434743,Control
3973322,Control
525775,Control
2327217,Control
143688,Control
5458119,Control
8140663,Control
7367913,Control
1855885,Control
7582115,Control
1382524,Control
6263801,Control
8749659,Control
5056314,Control
4971591,Control
3963528,Control
4758203,Control
8981196,Control
9844882,Control
9164563,Control
5402972,Control
9519220,Control
7011435,Control
9554608,Control
1664860,Control
9046163,Control
3777909,Control
1641715,Control
1714303,Control
1488142,Control
4921524,Control
7415948,Control
940211,Control
5520970,Control
6867928,Control
8271685,Control
5205443,Control
448714,Control
2125062,Control
2847822,Control
1604338,Control
5408208,Control
3418099,Control
7107125,Control
2648727,Control
7687625,Control
2408649,Control
5685309,Control
9521738,Control
718243,Control
7652498,Control
4474258,Control
4849434,Control
595657,Control
4378886,Control
7764561,Control
4383952,Control
4172856,Control
9026696,Control
7344676,Control
3753413,Control
3899785,Control
2782533,Control
2840019,Control
7201275,Control
5336156,Control
6359481,Control
7583106,Control
4496404,Control
4733352,Control
5117624,Control
5773935,Control
8599685,Control
7791697,Control
9054288,Control
3839483,Control
5900806,Control
9165938,Control
4099829,Control
9720941,Control
2935833,Control
3671543,Control
6059910,Control
8419671,Control
7839898,Control
5603565,Control
2835195,Control
7322359,Control
6623167,Control
972666,Control
3010704,Control
6728778,Control
5675123,Control
5700235,Control
3918324,Control
8006554,Control
3236796,Control
8402368,Control
319927,Control
3433215,Control
5179331,Control
7238205,Control
8176371,Control
7896505,Control
7158923,Control
8919883,Control
7726374,Control
3758849,Control
7632776,Control
2053795,Control
1278548,Control
5095604,Control
483033,Control
7866354,Control
6489910,Control
8403671,Control
5104204,Control
3881605,Control
4695726,Control
9754728,Control
7123131,Control
7551662,Control
9589629,Control
6980374,Control
4555156,Control
6125089,Control
7903818,Control
9603506,Control
5282774,Control
7275905,Control
1975521,Control
2820779,Control
4046490,Control
6085745,Control
9246617,Control
3973856,Control
2934006,Control
8229869,Control
1235280,Control
7869855,Control
7078892,Control
4043994,Control
9961502,Control
3399340,Control
237927,Control
9057739,Control
7345665,Control
5871071,Control
5139141,Control
8799515,Control
1028493,Control
8762751,Control
9849901,Control
8432220,Control
4112248,Control
8208998,Control
3241908,Control
4263272,Control
4159731,Control
5247686,Control
6272729,Control
545252,Control
2429948,Control
8985747,Control
6959360,Control
3093789,Control
9410798,Control
2820848,Control
2100661,Control
5337525,Control
965239,Control
8515627,Control
5581214,Control
8156943,Control
6955764,Control
2467952,Control
7663245,Control
5266768,Control
6497062,Control
7294622,Control
8473757,Control
9432135,Control
8433974,Control
3996868,Control
3404471,Control
8441190,Control
5453808,Control
5034090,Control
4502479,Control
43494,Control
6635759,Control
7389323,Control
8063914,Control
3614381,Control
5310157,Control
3235465,Control
6991971,Control
2348380,Control
7628896,Control
7193885,Control
772441,Control
7889329,Control
7344092,Control
7848994,Control
8689548,Control
2050489,Control
9735061,Control
2457672,Control
7889133,Control
4510222,Control
8187972,Control
3616576,Control
4456845,Control
1925264,Control
6409012,Control
8967301,Control
2182806,Control
8304828,Control
4262414,Control
6194289,Control
6657338,Control
1896155,Control
8917638,Control
6543742,Control
7949091,Control
5328209,Control
293284,Control
8100796,Control
472614,Control
6622347,Control
9500922,Control
8418435,Control
3063658,Control
4166734,Control
271577,Control
8713049,Control
2563119,Control
8160510,Control
1971383,Control
4017297,Control
3594554,Control
2749235,Control
4292987,Control
4578710,Control
7398565,Control
4676997,Control
5521831,Control
677548,Control
24710,Control
5601073,Control
8614862,Control
4488084,Control
7715715,Control
7780028,Control
3864477,Control
5869318,Control
477588,Control
254529,Control
8172224,Control
676989,Control
1596450,Control
5617838,Control
7623574,Control
4268219,Control
4760535,Control
7310223,Control
5088541,Control
3850910,Control
5189898,Control
8242222,Control
223224,Control
5129431,Control
2029999,Control
6529806,Control
796031,Control
8721784,Control
1691221,Control
2052157,Control
9362735,Control
5138803,Control
4239411,Control
984526,Control
7377514,Control
4254265,Control
3966408,Control
9626320,Control
428064,Control
7053444,Control
4892454,Control
2355590,Control
506720,Control
8311234,Control
117883,Control
2771150,Control
8880791,Control
2391782,Control
6020962,Control
2573204,Control
4682715,Control
6133343,Control
6412621,Control
6015711,Control
9150137,Control
3491822,Control
1039176,Control
2451074,Control
85793,Control
4852148,Control
7282563,Control
4786153,Control
4749703,Control
2822730,Control
1206378,Control
3106754,Control
2166964,Control
5925028,Control
1868406,Control
422661,Control
703574,Control
4129913,Control
6318532,Control
6068799,Control
6316734,Control
87218,Control
3861947,Control
8980150,Control
7411855,Control
7986738,Control
9382750,Control
9704887,Control
6670049,Control
9843769,Control
7328839,Control
9419152,Control
6662664,Control
2544619,Control
1815390,Control
9443987,Control
5069626,Control
1432936,Control
4504059,Control
7902418,Control
7117992,Control
6730422,Control
8523265,Control
7890929,Control
5774133,Control
3604047,Control
3794155,Control
2878870,Control
5111140,Control
1262208,Control
3085984,Control
4561339,Control
4311764,Control
1595299,Control
7726930,Control
9736825,Control
3476871,Control
4353847,Control
3480805,Control
4575555,Control
5951709,Control
310366,Control
498584,Control
5299330,Control
4600807,Control
9676241,Control
8962529,Control
9682478,Control
9955445,Control
6798182,Control
4643495,Control
3277291,Control
7257829,Control
5680390,Control
9888237,Control
5927828,Control
9932763,Control
5993905,Control
6187864,Control
3390803,Control
1213845,Control
8432712,Control
2898999,Control
2258366,Control
4806480,Control
1257351,Control
4079351,Control
6551109,Control
7785327,Control
5843778,Control
5826390,Control
3651328,Control
2553137,Control
3074145,Control
5959788,Control
1157434,Control
323337,Control
1945208,Control
5842004,Control
7221862,Control
3046021,Control
9845,Control
6192398,Control
3684173,Control
6296897,Control
740744,Control
9888471,Control
2342590,Control
4640118,Control
7272614,Control
5923090,Control
3983430,Control
2274658,Control
9706860,Control
8019542,Control
3300848,Control
5563273,Control
4222979,Control
6163882,Control
9473317,Control
6949583,Control
6441862,Control
4596903,Control
2116375,Control
6235400,Control
9893778,Control
3338122,Control
1817163,Control
8112313,Control
8810858,Control
5675721,Control
8231827,Control
9634441,Control
6521758,Control
9126610,Control
2406021,Control
4719187,Control
6598371,Control
5253039,Control
5893114,Control
7070345,Control
9431562,Control
4767563,Control
1023316,Control
7779842,Control
5513449,Control
5992018,Control
2600988,Control
1962359,Control
516594,Control
1246796,Control
8614932,Control
2282707,Control
6775818,Control
1951883,Control
5966234,Control
2522259,Control
1936828,Control
9626092,Control
9772437,Control
1557552,Control
7522558,Control
2499433,Control
4063626,Control
1020725,Control
4502846,Control
2205691,Control
3007790,Control
8134838,Control
9129736,Control
9942419,Control
8097308,Control
3717463,Control
6346107,Control
9104203,Control
2153182,Control
5857868,Control
1795072,Control
6191112,Control
4185812,Control
8393538,Control
7566299,Control
3332395,Control
7142792,Control
1001849,Control
5643772,Control
7516880,Control
4231609,Control
421223,Control
3412832,Control
4818573,Control
9086277,Control
6802507,Control
1046468,Control
1041929,Control
674205,Control
3780590,Control
2408060,Control
291330,Control
2838613,Control
1643775,Control
429351,Control
9298861,Control
5995503,Control
5375695,Control
4327140,Control
9829438,Control
5358303,Control
3855695,Control
4388424,Control
6394421,Control
6729338,Control
1843494,Control
4666350,Control
3139298,Control
1427729,Control
2192505,Control
7153152,Control
8191025,Control
4764438,Control
9959937,Control
4590122,Control
1253974,Control
2969158,Control
4654660,Control
7932008,Control
4875654,Control
7297777,Control
2789495,Control
9413608,Control
6825168,Control
3468069,Control
2958995,Control
5952806,Control
1634213,Control
8520434,Control
5101399,Control
8496594,Control
1062473,Control
9092715,Control
1033134,Control
7942512,Control
7628721,Control
7525993,Control
9001291,Control
7342570,Control
5588539,Control
5997162,Control
1645811,Control
8313808,Control
1430383,Control
3939684,Control
7385478,Control
4060998,Control
9790438,Control
7176877,Control
2663775,Control
9526976,Control
8302402,Control
5330145,Control
637735,Control
114541,Control
5156645,Control
5787300,Control
156894,Control
6351080,Control
5807230,Control
8570045,Control
1335040,Control
6934164,Control
8384161,Control
3396616,Control
7388477,Control
4474898,Control
687567,Control
7575259,Control
8422642,Control
5080206,Control
4273676,Control
5237394,Control
6462912,Control
1743043,Control
5699251,Control
5587497,Control
6450374,Control
6794489,Control
6177735,Control
7214969,Control
4166251,Control
8629781,Control
5833618,Control
7007005,Control
7008613,Control
4327573,Control
4953065,Control
5627324,Control
178493,Control
3292707,Control
104781,Control
785447,Control
1178151,Control
2090464,Control
1296034,Control
3943762,Control
1359640,Control
7566096,Control
5546610,Control
6286086,Control
6021906,Control
7596241,Control
8419515,Control
3891838,Control
9183798,Control
1274084,Control
6513478,Control
7956113,Control
4782225,Control
784897,Control
4017497,Control
8350306,Control
322927,Control
8927696,Control
9284705,Control
5454962,Control
5111852,Control
8194686,Control
2069824,Control
140690,Control
1247526,Control
6488419,Control
7550898,Control
1575726,Control
4759918,Control
292165,Control
7811491,Control
6526701,Control
393252,Control
2396499,Control
4366078,Control
5943979,Control
7077496,Control
9635965,Control
5202386,Control
4503254,Control
968323,Control
6366590,Control
754987,Control
7395796,Control
4736912,Control
2593577,Control
5148384,Control
3416779,Control
9966491,Control
2779162,Control
8934873,Control
2376070,Control
3455919,Control
1948430,Control
4384472,Control
7492799,Control
1689340,Control
9992871,Control
1583044,Control
9390816,Control
1921733,Control
7968614,Control
5202456,Control
4243285,Control
140116,Control
3499085,Control
2385034,Control
5401624,Control
3447031,Control
6965231,Control
9212936,Control
161792,Control
9497217,Control
5647696,Control
8782299,Control
815822,Control
9405925,Control
8456219,Control
50643,Control
9325037,Control
9136712,Control
7733267,Control
8984405,Control
8699305,Control
6522991,Control
9933481,Control
3621426,Control
9364089,Control
6893953,Control
3276832,Control
7298730,Control
8129250,Control
5870652,Control
1866853,Control
931714,Control
3474009,Control
1833640,Control
1808285,Control
6639053,Control
2207976,Control
5129224,Control
1919224,Control
9595191,Control
728512,Control
3078880,Control
3351589,Control
4637777,Control
2269063,Control
1262252,Control
3516384,Control
8765966,Control
5434444,Control
1061430,Control
5078185,Control
3940616,Control
6876767,Control
284347,Control
3785284,Control
3055315,Control
2435906,Control
327979,Control
1579308,Control
6899322,Control
8107218,Control
8257765,Control
8836938,Control
3667972,Control
5944681,Control
7064150,Control
8110744,Control
115597,Control
1940048,Control
1425337,Control
6285819,Control
5072333,Control
5013337,Control
4704861,Control
7580525,Control
4099602,Control
2377028,Control
9079249,Control
3562895,Control
4066551,Control
8406295,Control
5064000,Control
2079235,Control
9313451,Control
9578977,Control
3685056,Control
8591740,Control
8763393,Control
9615383,Control
106457,Control
8539417,Control
8665802,Control
8341361,Control
4415316,Control
7437227,Control
1107033,Control
1661054,Control
3903245,Control
134829,Control
9517099,Control
2522202,Control
5521308,Control
593759,Control
5908095,Control
9698409,Control
9609929,Control
2892443,Control
2139045,Control
3894997,Control
419969,Control
9730509,Control
6844163,Control
433814,Control
3412634,Control
713222,Control
1775305,Control
7020827,Control
1808926,Control
8648052,Control
6810824,Control
5313210,Control
3045007,Control
1772370,Control
4572747,Control
5742450,Control
7654190,Control
2039024,Control
9767681,Control
3802015,Control
6532260,Control
9230421,Control
4726494,Control
2381474,Control
6392480,Control
6981372,Control
9314424,Control
533966,Control
344840,Control
9568650,Control
170865,Control
4612333,Control
481553,Control
816165,Control
34603,Control
3142533,Control
3214041,Control
432793,Control
3508963,Control
5354732,Control
9972610,Control
5053539,Control
8452711,Control
9707425,Control
7772017,Control
118964,Control
8454445,Control
3122539,Control
9362363,Control
537901,Control
4717832,Control
9130383,Control
5903110,Control
4797951,Control
3569078,Control
9446994,Control
758728,Control
840320,Control
3844662,Control
5513087,Control
7408572,Control
759536,Control
7249429,Control
291182,Control
1852606,Control
9394235,Control
1327174,Control
4352905,Control
4726332,Control
6781497,Control
1870340,Control
3857653,Control
1196787,Control
8548076,Control
9950759,Control
3727425,Control
5531076,Control
9296636,Control
6838849,Control
9836403,Control
2247497,Control
6122858,Control
6377455,Control
3725247,Control
4762973,Control
7141395,Control
1206850,Control
3004614,Control
2154918,Control
7229160,Control
2424965,Control
5265291,Control
2136746,Control
8794039,Control
7195183,Control
6776358,Control
9294027,Control
2797091,Control
7227648,Control
4568422,Control
380583,Control
7498791,Control
998998,Control
7871271,Control
6412718,Control
5840906,Control
5780229,Control
7042336,Control
7858035,Control
1500622,Control
2832394,Control
8814095,Control
8070687,Control
7429096,Control
573338,Control
6757513,Control
2896725,Control
5898319,Control
4228011,Control
9904011,Control
5819654,Control
3785527,Control
6522843,Control
9635914,Control
9716434,Control
3983321,Control
6967224,Control
8988638,Control
732778,Control
5217337,Control
8750280,Control
6167777,Control
1025414,Control
7961816,Control
4434306,Control
8130211,Control
6571200,Control
5644611,Control
9463510,Control
871246,Control
6220778,Control
8944505,Control
540036,Control
4738528,Control
6034462,Control
2901726,Control
2820986,Control
4540243,Control
3246483,Control
90596,Control
6983793,Control
9280328,Control
658934,Control
6045314,Control
1987034,Control
8045011,Control
5505534,Control
7249540,Control
1064624,Control
1939574,Control
5119690,Control
6740875,Control
4133509,Control
7661135,Control
3791844,Control
7626686,Control
8045640,Control
1061120,Control
7853891,Control
7686586,Control
1919788,Control
1210125,Control
697708,Control
4149721,Control
9188877,Control
2710107,Control
4866515,Control
9464958,Control
395610,Control
860571,Control
9829569,Control
9740604,Control
8918685,Control
4013415,Control
1796649,Control
6425496,Control
1131352,Control
7429644,Control
3974144,Control
3754736,Control
7479732,Control
8388524,Control
1555809,Control
7673881,Control
8889466,Control
1087085,Control
745510,Control
8862022,Control
6305110,Control
6967611,Control
7190805,Control
3381948,Control
8885339,Control
2873709,Control
6811150,Control
1169570,Control
9010548,Control
5054199,Control
4469222,Control
6530650,Control
7301705,Control
6237192,Control
2230091,Control
53126,Control
8840459,Control
154640,Control
80915,Control
8912315,Control
8134938,Control
6875605,Control
4334858,Control
7841112,Control
3242557,Control
9494036,Control
4871635,Control
331795,Control
1319661,Control
2714848,Control
2417368,Control
5817293,Control
1324690,Control
9367245,Control
9681169,Control
4514556,Control
5077812,Control
1289497,Control
9881287,Control
910275,Control
5484362,Control
3701784,Control
3957137,Control
5811616,Control
6447371,Control
7906156,Control
5373510,Control
4928046,Control
2950141,Control
897752,Control
4243856,Control
5034038,Control
7299908,Control
8800514,Control
8308691,Control
2701538,Control
4337587,Control
7835069,Control
1931928,Control
8740874,Control
8385033,Control
5453370,Control
8556712,Control
4159174,Control
603457,Control
1357384,Control
1584495,Control
2485024,Control
1633645,Control
7707869,Control
3892244,Control
7748462,Control
5001483,Control
6786190,Control
6687187,Control
5758630,Control
7291539,Control
3351739,Control
3520004,Control
9122308,Control
5592378,Control
9957402,Control
236546,Control
9558928,Control
9719474,Control
5036673,Control
3908301,Control
559881,Control
1606891,Control
9588775,Control
6813503,Control
1952462,Control
4349736,Control
2367906,Control
5994023,Control
7628967,Control
4821950,Control
6630684,Control
4767439,Control
2172228,Control
9080038,Control
1624643,Control
943335,Control
9682711,Control
9159317,Control
7998392,Control
1417586,Control
1065324,Control
5009290,Control
1704232,Control
2981933,Control
2723801,Control
7576316,Control
6985,Control
2465819,Control
4178665,Control
3780395,Control
4948163,Control
7574598,Control
7696177,Control
6804934,Control
9114853,Control
7183287,Control
6327460,Control
3474098,Control
1081382,Control
7263978,Control
7038187,Control
918053,Control
5970149,Control
4192940,Control
53990,Control
9853868,Control
2594659,Control
1967086,Control
8234923,Control
1060628,Control
180953,Control
251479,Control
2277142,Control
2329201,Control
4153931,Control
4071978,Control
3689164,Control
6461165,Control
5500495,Control
7675326,Control
1096870,Control
4469398,Control
8707061,Control
4251068,Control
6797402,Control
693757,Control
4965716,Control
1539844,Control
4874967,Control
1529368,Control
8180884,Control
3512288,Control
1001731,Control
8455692,Control
3823225,Control
4114037,Control
6660518,Control
5969328,Control
4491137,Control
6768081,Control
87300,Control
8413855,Control
9632093,Control
8327879,Control
4976982,Control
6096252,Control
7448032,Control
937647,Control
6160592,Control
6926552,Control
6743414,Control
8023944,Control
1253941,Control
188807,Control
1862191,Control
6072522,Control
8575616,Control
9692048,Control
6814540,Control
3081541,Control
8738260,Control
4681498,Control
6139351,Control
3317453,Control
8843472,Control
2967792,Control
9289320,Control
7123695,Control
6732360,Control
3187046,Control
6212252,Control
1332349,Control
266497,Control
1338762,Control
3880053,Control
230117,Control
2153656,Control
2494977,Control
8327432,Control
3052534,Control
2758714,Control
6863960,Control
118723,Control
9959486,Control
9198255,Control
9336025,Control
7067348,Control
3652844,Control
2141013,Control
7670830,Control
2372658,Control
953654,Control
8886879,Control
5063441,Control
7207209,Control
4493114,Control
3432025,Control
8785376,Control
6234162,Control
1169083,Control
4757536,Control
5749316,Control
9413786,Control
8763720,Control
6379541,Control
4608096,Control
6463002,Control
8978031,Control
9512477,Control
5874483,Control
7118730,Control
5333854,Control
7835776,Control
7706822,Control
4002725,Control
3991845,Control
3344093,Control
2276803,Control
8577522,Control
7714524,Control
843468,Control
4698491,Control
1027952,Control
523470,Control
4019355,Control
3395329,Control
3273765,Control
8666669,Control
7933649,Control
3076358,Control
3758871,Control
4838415,Control
1278603,Control
342341,Control
8864663,Control
3233984,Control
5922203,Control
2952653,Control
1173753,Control
947167,Control
3276529,Control
1227277,Control
8697150,Control
8226139,Control
8430354,Control
6596429,Control
6893972,Control
9517647,Control
5296140,Control
3368135,Control
33190,Control
3487248,Control
3809150,Control
1911688,Control
9466957,Control
84108,Control
146603,Control
6313049,Control
3073670,Control
1194530,Control
7123977,Control
9666391,Control
4760221,Control
6165913,Control
5890801,Control
8718482,Control
9269565,Control
8091922,Control
5243165,Control
851453,Control
4675164,Control
8720328,Control
895221,Control
5570366,Control
3859627,Control
5230087,Control
175128,Control
8080471,Control
9787079,Control
9680276,Control
7074277,Control
4937035,Control
9252902,Control
2606655,Control
9690919,Control
4364957,Control
4475357,Control
2685804,Control
2236425,Control
8042509,Control
6528441,Control
9572701,Control
1682826,Control
6507462,Control
1944168,Control
9797408,Control
7124517,Control
5451373,Control
6916531,Control
6864371,Control
7905510,Control
6206573,Control
9150149,Control
3302208,Control
3928305,Control
5471024,Control
9490262,Control
4422924,Control
8321972,Control
5144151,Control
4060286,Control
3148603,Control
1349728,Control
9674668,Control
8557245,Control
177876,Control
7595038,Control
7239063,Control
7124991,Control
5488119,Control
2135989,Control
9070743,Control
48424,Control
2791395,Control
615001,Control
4084333,Control
8867579,Control
2447461,Control
5937897,Control
5221886,Control
534481,Control
1042347,Control
5048268,Control
348355,Control
7450119,Control
1101382,Control
5848267,Control
2003392,Control
5539836,Control
4719350,Control
8105626,Control
4162726,Control
9679043,Control
4972499,Control
7625054,Control
2550200,Control
8834933,Control
5255286,Control
3787488,Control
8686873,Control
2935311,Control
52461,Control
266183,Control
8604039,Control
351792,Control
2658964,Control
2865677,Control
4570643,Control
9426272,Control
4825303,Control
8175396,Control
3190314,Control
4378428,Control
9272674,Control
2256413,Control
7774764,Control
9714233,Control
9945499,Control
5769716,Control
2815071,Control
1575474,Control
3966303,Control
3105010,Control
408180,Control
7622555,Control
7417313,Control
4792283,Control
9318155,Control
537662,Control
5759946,Control
6705275,Control
5749370,Control
8985518,Control
5852849,Control
6242999,Control
1591332,Control
7683638,Control
2141929,Control
5656171,Control
7574307,Control
198857,Control
4915208,Control
5269098,Control
2969808,Control
6750632,Control
7816798,Control
4023749,Control
5640323,Control
6030837,Control
1927505,Control
687283,Control
6776434,Control
9399620,Control
4344239,Control
5236509,Control
1919716,Control
620734,Control
3463943,Control
3836030,Control
7536684,Control
5396220,Control
8535609,Control
2894996,Control
8740925,Control
381655,Control
1700371,Control
4302031,Control
4308598,Control
8069761,Control
8769982,Control
2347584,Control
2574803,Control
6716032,Control
2782058,Control
6678962,Control
4435264,Control
5529882,Control
4965891,Control
9486376,Control
162575,Control
2959782,Control
5415276,Control
8406897,Control
7583850,Control
8077479,Control
7878589,Control
5846178,Control
8149214,Control
3128340,Control
2518804,Control
2523987,Control
6929800,Control
5126305,Control
6195482,Control
9789879,Control
5765798,Control
6359735,Control
871652,Control
4969763,Control
9042674,Control
5665758,Control
5459064,Control
531286,Control
6421319,Control
176808,Control
7796867,Control
826202,Control
3246879,Control
4359742,Control
3061563,Control
613134,Control
4667991,Control
2468222,Control
4286767,Control
8971463,Control
8438270,Control
9119484,Control
8482390,Control
9838634,Control
1080489,Control
1117004,Control
9994194,Control
1830446,Control
7277090,Control
4083477,Control
332121,Control
943763,Control
4066643,Control
8101420,Control
7365416,Control
66169,Control
3004381,Control
2268231,Control
619573,Control
1986592,Control
4411554,Control
9848741,Control
367331,Control
4005943,Control
6384600,Control
2819141,Control
6964981,Control
3967029,Control
220901,Control
238154,Control
4099573,Control
9319596,Control
6713168,Control
1819473,Control
2767589,Control
8036117,Control
9128098,Control
3091387,Control
2061985,Control
8921011,Control
79127,Control
9330492,Control
5732198,Control
6199317,Control
1708383,Control
2747440,Control
6609552,Control
4281404,Control
8350152,Control
16202,Control
1415081,Control
7984218,Control
9654726,Control
510139,Control
370651,Control
6371663,Control
2482270,Control
7155824,Control
3971071,Control
655871,Control
4669853,Control
5314289,Control
8033640,Control
2926568,Control
256853,Control
3115710,Control
1455660,Control
5519006,Control
202856,Control
5019270,Control
6980695,Control
5791290,Control
2078407,Control
5435712,Control
5175035,Control
9636768,Control
3830374,Control
2368093,Control
1612012,Control
5082474,Control
1888782,Control
5205052,Control
4962987,Control
9552647,Control
6294034,Control
2488007,Control
267397,Control
660953,Control
1096581,Control
5925836,Control
1526569,Control
6213098,Control
6970791,Control
9106666,Control
8685414,Control
3071382,Control
4578721,Control
1717817,Control
6399184,Control
3927326,Control
1144495,Control
7357494,Control
3350279,Control
4284652,Control
7889820,Control
534878,Control
722818,Control
3617870,Control
1449791,Control
986308,Control
9172549,Control
368713,Control
5763507,Control
2619000,Control
2586741,Control
7423161,Control
8878848,Control
8716301,Control
1413426,Control
870732,Control
38930,Control
6029243,Control
3414716,Control
7896358,Control
2746652,Control
5789058,Control
4304356,Control
860470,Control
6452935,Control
371059,Control
1695328,Control
3834620,Control
6092269,Control
3917668,Control
8287001,Control
8376794,Control
9201597,Control
5142178,Control
9632599,Control
6208954,Control
5729668,Control
1305348,Control
1678234,Control
101818,Control
9327274,Control
6732209,Control
4835466,Control
6233433,Control
9009821,Control
994588,Control
2323288,Control
4974827,Control
2414527,Control
4921301,Control
5538449,Control
6273424,Control
9529648,Control
1438671,Control
789006,Control
8512525,Control
3003396,Control
1304604,Control
2163974,Control
9382169,Control
165428,Control
9507421,Control
3294033,Control
1281085,Control
3457070,Control
1447028,Control
2095719,Control
3417376,Control
268386,Control
2985225,Control
4873663,Control
804701,Control
6325742,Control
1021986,Control
6885720,Control
5139516,Control
6958779,Control
4767340,Control
4939160,Control
183713,Control
2268691,Control
6786310,Control
7160104,Control
3008036,Control
6627355,Control
8222418,Control
702591,Control
5096138,Control
3912962,Control
9416653,Control
6484516,Control
9016104,Control
7642295,Control
9046161,Control
2203738,Control
8916496,Control
6747770,Control
5650439,Control
2757019,Control
5503800,Control
928927,Control
17036,Control
4784980,Control
3944187,Control
1550916,Control
9621207,Control
4094154,Control
3682788,Control
4284267,Control
8294857,Control
2962496,Control
9489902,Control
5329087,Control
3120243,Control
7563473,Control
4795946,Control
6666050,Control
5267769,Control
8890113,Control
7483802,Control
6025724,Control
3176993,Control
6390205,Control
5731876,Control
352491,Control
3120254,Control
421287,Control
8022458,Control
7398490,Control
4659529,Control
5594240,Control
9316615,Control
3033091,Control
79229,Control
8970337,Control
1342582,Control
3260937,Control
7051893,Control
2817393,Control
4123651,Control
1771550,Control
6496059,Control
699117,Control
2797503,Control
7603857,Control
9796176,Control
7606728,Control
7038653,Control
8083850,Control
2011854,Control
9139141,Control
3660939,Control
7879942,Control
9088169,Control
1896533,Control
5263052,Control
5574111,Control
2925307,Control
2949523,Control
4085238,Control
8932242,Control
7368412,Control
2790345,Control
8797780,Control
725895,Control
9191937,Control
3743,Control
4647478,Control
6330539,Control
2052761,Control
6124908,Control
4742781,Control
8413954,Control
5401561,Control
5546276,Control
9313825,Control
8438441,Control
311471,Control
4734679,Control
4016595,Control
829637,Control
4559617,Control
9144198,Control
6140290,Control
9356541,Control
5115704,Control
670774,Control
8204676,Control
9594106,Control
1555759,Control
9216606,Control
9396886,Control
7657953,Control
8180878,Control
2584734,Control
8378262,Control
3832110,Control
5474787,Control
5828745,Control
6157587,Control
3088189,Control
5627816,Control
74169,Control
3143881,Control
5090620,Control
8536644,Control
7295110,Control
5348730,Control
4563042,Control
9436768,Control
1221736,Control
6206135,Control
7838259,Control
3343352,Control
354699,Control
857272,Control
6602327,Control
1768907,Control
1869478,Control
1200760,Control
3303323,Control
2920915,Control
3845120,Control
1328700,Control
5016037,Control
4043355,Control
2217126,Control
3222316,Control
8898175,Control
6640268,Control
5109271,Control
6759025,Control
367642,Control
9968024,Control
1454674,Control
4955646,Control
5073169,Control
1964381,Control
4633166,Control
7197684,Control
5122706,Control
3682990,Control
8387642,Control
4680935,Control
4679194,Control
5950365,Control
2735984,Control
5677735,Control
8219853,Control
487726,Control
6578081,Control
1240365,Control
1667324,Control
4183213,Control
2339126,Control
7066428,Control
3891789,Control
2346012,Control
3542101,Control
2876251,Control
4312267,Control
1230484,Control
8565287,Control
8544599,Control
652523,Control
9587814,Control
9247401,Control
9660731,Control
4927505,Control
3544620,Control
2978653,Control
9791537,Control
954023,Control
7670796,Control
7016459,Control
9297832,Control
4400466,Control
2243361,Control
5640300,Control
4986151,Control
3106914,Control
3209152,Control
8380519,Control
8893835,Control
3648568,Control
1979389,Control
2050426,Control
652877,Control
6209448,Control
5262815,Control
8921961,Control
716233,Control
1668721,Control
4842960,Control
9054250,Control
2124636,Control
6445823,Control
3931309,Control
3721103,Control
8451346,Control
6582144,Control
4825591,Control
8472231,Control
1754413,Control
5866797,Control
1951290,Control
5884125,Control
9128868,Control
7412950,Control
4761102,Control
4631757,Control
5044143,Control
6037376,Control
7999087,Control
1000536,Control
371892,Control
6925186,Control
6197214,Control
9016240,Control
3024744,Control
2957678,Control
7369357,Control
8036648,Control
5282553,Control
8561891,Control
6611713,Control
2781011,Control
4573220,Control
1305393,Control
8231470,Control
3365362,Control
3861475,Control
9290245,Control
1187270,Control
9438507,Control
309979,Control
2762360,Control
9754899,Control
3916407,Control
9008137,Control
221775,Control
5021955,Control
2224720,Control
6022010,Control
9141212,Control
7016024,Control
2541576,Control
2527174,Control
9307092,Control
7867273,Control
4165370,Control
6922509,Control
2616722,Control
4418568,Control
2706190,Control
6977934,Control
669361,Control
9349677,Control
8674375,Control
7185585,Control
4499602,Control
2454994,Control
9268677,Control
4758202,Control
6878594,Control
5694801,Control
3028826,Control
2318634,Control
8698453,Control
4931957,Control
387835,Control
971149,Control
5293887,Control
1250258,Control
328050,Control
487255,Control
2835561,Control
3291484,Control
5910645,Control
3939374,Control
5778964,Control
3081216,Control
6400977,Control
2946292,Control
875915,Control
3536676,Control
8240028,Control
6537374,Control
7651685,Control
8170143,Control
4055654,Control
8204634,Control
8982660,Control
7090055,Control
8188503,Control
568717,Control
5635878,Control
208237,Control
7057699,Control
2971636,Control
989483,Control
623339,Control
2336764,Control
779389,Control
8471730,Control
2681090,Control
2791463,Control
8643954,Control
5871387,Control
6208259,Control
1613840,Control
751354,Control
9856081,Control
4802108,Control
2441408,Control
5579616,Control
8056064,Control
9042475,Control
627897,Control
5131664,Control
1927754,Control
6316179,Control
8617715,Control
8810033,Control
546337,Control
5920002,Control
4370933,Control
7128070,Control
1213963,Control
7542559,Control
8849407,Control
2367184,Control
453657,Control
1828457,Control
7175764,Control
3056475,Control
9402013,Control
5254323,Control
3469559,Control
8382404,Control
1539303,Control
5265495,Control
522508,Control
7310017,Control
7517429,Control
1595814,Control
4606073,Control
9031268,Control
8684871,Control
9590196,Control
6068217,Control
10344,Control
2716041,Control
7277362,Control
9020075,Control
5455344,Control
6763636,Control
8478735,Control
3728210,Control
5156742,Control
4792556,Control
4538983,Control
2184455,Control
1840230,Control
5000579,Control
861269,Control
8867782,Control
5726845,Control
6440180,Control
6616843,Control
3866514,Control
2363701,Control
7507111,Control
5134688,Control
9051453,Control
4270083,Control
9282291,Control
1440446,Control
1787889,Control
403921,Control
5705673,Control
7533784,Control
531705,Control
1708880,Control
7700346,Control
3143682,Control
3764816,Control
1220970,Control
5215554,Control
6110745,Control
7592187,Control
3815343,Control
3974337,Control
6838654,Control
2665162,Control
3478279,Control
8081823,Control
9981755,Control
1760751,Control
6299914,Control
7845652,Control
2507080,Control
2656602,Control
3060305,Control
3369335,Control
266635,Control
9653804,Control
1186859,Control
5419280,Control
1165994,Control
5664157,Control
4787433,Control
5172671,Control
3598548,Control
1180831,Control
1435416,Control
5758755,Control
5607313,Control
2216651,Control
1671845,Control
4863721,Control
3423318,Control
347328,Control
7895911,Control
491779,Control
2293275,Control
3182757,Control
587753,Control
3140144,Control
2957681,Control
9189428,Control
52456,Control
1142314,Control
26286,Control
6230140,Control
2254891,Control
8955406,Control
4500339,Control
4876285,Control
5602866,Control
9689015,Control
4782288,Control
6802160,Control
8678481,Control
7017459,Control
4251627,Control
480792,Control
166289,Control
552649,Control
1724265,Control
8406200,Control
7769078,Control
1314483,Control
9493338,Control
3290487,Control
4385896,Control
491303,Control
5831696,Control
9070866,Control
9481649,Control
3773126,Control
1472332,Control
8549267,Control
8908476,Control
9608778,Control
3019683,Control
3298583,Control
6922143,Control
5962049,Control
8276422,Control
8932996,Control
5088010,Control
1053029,Control
5983829,Control
9928778,Control
5014123,Control
6027530,Control
8713649,Control
6408345,Control
8281933,Control
2477818,Control
5606829,Control
1272556,Control
3933968,Control
7018576,Control
4629178,Control
5328813,Control
9853259,Control
7913208,Control
9557638,Control
115973,Control
5791603,Control
9476493,Control
1337947,Control
3285791,Control
5803184,Control
5698498,Control
6586396,Control
685706,Control
4529075,Control
3404053,Control
4968964,Control
2903228,Control
3570598,Control
8400251,Control
7109824,Control
2395301,Control
4799191,Control
5796398,Control
472078,Control
1878243,Control
9448257,Control
8459564,Control
4462569,Control
8822210,Control
8500004,Control
1105404,Control
4935777,Control
8821351,Control
3599122,Control
3608063,Control
1101454,Control
3006177,Control
6254691,Control
7225653,Control
667217,Control
1548256,Control
8256491,Control
8642673,Control
1884372,Control
7423489,Control
2836964,Control
2912218,Control
9244146,Control
2305252,Control
8317382,Control
296161,Control
5211253,Control
2494470,Control
2995237,Control
201225,Control
2902489,Control
8707256,Control
3782508,Control
7169259,Control
2290543,Control
7803412,Control
9274372,Control
690383,Control
2182225,Control
2113091,Control
2061267,Control
2809621,Control
5427647,Control
9183158,Control
3450766,Control
381711,Control
7236151,Control
2122411,Control
3706636,Control
207416,Control
8500291,Control
7905949,Control
2517871,Control
4152488,Control
7318827,Control
4307042,Control
2465843,Control
3021965,Control
6392105,Control
5526019,Control
2469983,Control
9823874,Control
1395331,Control
273258,Control
4487376,Control
572266,Control
4532705,Control
28845,Control
6270947,Control
5162202,Control
8315422,Control
4706105,Control
2532526,Control
1806750,Control
4394984,Control
8789341,Control
3621411,Control
1788737,Control
4200308,Control
9984010,Control
8690868,Control
2033798,Control
7461823,Control
6353872,Control
3513070,Control
3228340,Control
8869828,Control
8408800,Control
4840318,Control
1412277,Control
8961028,Control
6654494,Control
4960973,Control
5716726,Control
38963,Control
1720005,Control
1560669,Control
7526606,Control
153841,Control
1674009,Control
9870057,Control
5470143,Control
525234,Control
9459879,Control
6626388,Control
3117249,Control
7697899,Control
2256831,Control
3185996,Control
9994020,Control
452875,Control
3977941,Control
3105810,Control
9687894,Control
1136850,Control
2583871,Control
1940635,Control
6901075,Control
1620412,Control
2758168,Control
7053316,Control
4305729,Control
6777842,Control
1289168,Control
7924454,Control
3942294,Control
2471080,Control
4951656,Control
99811,Control
7316316,Control
5311856,Control
8127212,Control
9677325,Control
5601497,Control
6347553,Control
4751631,Control
8872439,Control
1722501,Control
454148,Control
8663422,Control
6156120,Control
975661,Control
1598681,Control
5562166,Control
4435242,Control
3091038,Control
6765925,Control
7501408,Control
4650898,Control
3521638,Control
2916530,Control
4681026,Control
5847452,Control
1735540,Control
3949276,Control
8763719,Control
8261402,Control
7218805,Control
8942575,Control
4227725,Control
361728,Control
7554994,Control
259424,Control
6261966,Control
3633303,Control
1378016,Control
6730222,Control
6115889,Control
9586576,Control
6320900,Control
4575997,Control
3388796,Control
3223251,Control
1720671,Control
5971632,Control
7743685,Control
1105128,Control
9443465,Control
2061268,Control
8713775,Control
8273339,Control
6887814,Control
4669816,Control
5332141,Control
6271373,Control
2692109,Control
3810840,Control
6886569,Control
7656967,Control
3620520,Control
6024945,Control
7186204,Control
9537679,Control
6492630,Control
8199666,Control
6468769,Control
4098855,Control
2013867,Control
2623233,Control
5623391,Control
5177923,Control
5026488,Control
3921296,Control
650551,Control
3078430,Control
9873194,Control
6161613,Control
972596,Control
1453322,Control
6224776,Control
6868268,Control
5476576,Control
1503317,Control
5424687,Control
4405562,Control
1917906,Control
2601202,Control
5576669,Control
1913034,Control
9209908,Control
1282142,Control
4328825,Control
6864556,Control
3571847,Control
9906057,Control
8004671,Control
4530868,Control
4514342,Control
5022191,Control
9061669,Control
5336299,Control
1687262,Control
8307205,Control
3276860,Control
2686877,Control
8287502,Control
9751341,Control
1243109,Control
9561503,Control
4683103,Control
8066998,Control
4786867,Control
5427200,Control
1737376,Control
2395828,Control
5519791,Control
2164924,Control
525973,Control
142667,Control
2279529,Control
4857578,Control
4704529,Control
1126311,Control
1348668,Control
4768686,Control
5441500,Control
1470316,Control
20091,Control
1524280,Control
1007556,Control
1443271,Control
9847682,Control
4719692,Control
7794359,Control
4324676,Control
8401598,Control
1620247,Control
4742814,Control
2763487,Control
5694428,Control
6741642,Control
9298439,Control
6303898,Control
4245543,Control
1526478,Control
2154888,Control
238320,Control
7634298,Control
6046670,Control
6781675,Control
7269060,Control
8326177,Control
1775650,Control
6158679,Control
7722584,Control
8350976,Control
7370663,Control
6675460,Control
6038424,Control
7146673,Control
3317093,Control
7918443,Control
3966226,Control
1633473,Control
2089991,Control
1978655,Control
7225627,Control
2822607,Control
7283745,Control
7813560,Control
6955584,Control
1687124,Control
1234323,Control
764549,Control
1931259,Control
3805046,Control
23864,Control
1208837,Control
1177463,Control
2954139,Control
5727133,Control
8639071,Control
1453213,Control
1735468,Control
5020216,Control
3184564,Control
5785189,Control
7279705,Control
6637548,Control
8120364,Control
1797452,Control
5773795,Control
9521191,Control
3841189,Control
73335,Control
7205884,Control
5663820,Control
1734560,Control
3243523,Control
9386012,Control
1299715,Control
7340309,Control
3119918,Control
1769835,Control
3667737,Control
7217804,Control
4347990,Control
4669016,Control
8728147,Control
9092651,Control
1388375,Control
6167873,Control
7076432,Control
922098,Control
9321160,Control
1542198,Control
9214877,Control
2889999,Control
1748012,Control
3722295,Control
1060354,Control
5184046,Control
8161337,Control
4193650,Control
3338090,Control
7797325,Control
3268024,Control
4194716,Control
6334724,Control
5657750,Control
6954996,Control
5480608,Control
7148421,Control
7989164,Control
4724956,Control
7508908,Control
2616521,Control
2007632,Control
4305727,Control
3461926,Control
926432,Control
309851,Control
5816187,Control
2733721,Control
3225528,Control
2234704,Control
2146822,Control
7680278,Control
5654418,Control
170896,Control
7831710,Control
585572,Control
6166145,Control
869520,Control
8516896,Control
366500,Control
5107650,Control
5813251,Control
9700688,Control
4922034,Control
9784166,Control
6264313,Control
8003457,Control
1467636,Control
7777699,Control
3247251,Control
7924967,Control
6008203,Control
5702001,Control
312094,Control
5948653,Control
7199064,Control
3588431,Control
1641262,Control
8151605,Control
802797,Control
8420535,Control
2066750,Control
234491,Control
1153172,Control
6677359,Control
5686008,Control
8364481,Control
3939039,Control
7159545,Control
2826373,Control
9022579,Control
6199818,Control
6192734,Control
6229124,Control
3674355,Control
9736915,Control
3838913,Control
7719952,Control
6506740,Control
4737509,Control
4748887,Control
2089579,Control
4856038,Control
1945788,Control
6065730,Control
9990452,Control
3747412,Control
6723051,Control
8214005,Control
4287944,Control
1103830,Control
3671415,Control
5705369,Control
3260408,Control
7015427,Control
2732841,Control
6489386,Control
126309,Control
7245702,Control
1153323,Control
2262697,Control
9733454,Control
8430093,Control
2592502,Control
6452255,Control
3018059,Control
8938572,Control
6923519,Control
7006478,Control
5120819,Control
126285,Control
9544510,Control
6937706,Control
9179900,Control
1981941,Control
9378650,Control
6997208,Control
694239,Control
7283798,Control
3259240,Control
5967613,Control
4849787,Control
3024246,Control
3733620,Control
6769446,Control
4297664,Control
6984232,Control
3121469,Control
492751,Control
2410623,Control
6620646,Control
5913950,Control
693975,Control
5274681,Control
6801074,Control
9373489,Control
6195253,Control
7344475,Control
8838068,Control
7945639,Control
7709064,Control
3117242,Control
1424263,Control
2718368,Control
7977329,Control
2330564,Control
3047437,Control
5554210,Control
5016208,Control
3801029,Control
6233008,Control
5711765,Control
2082931,Control
1401486,Control
7549559,Control
1540363,Control
619309,Control
3201665,Control
5653497,Control
9028665,Control
6793654,Control
990815,Control
1361650,Control
3043895,Control
3790912,Control
4910437,Control
3421838,Control
7380970,Control
6286646,Control
6983815,Control
9015285,Control
2610919,Control
6684091,Control
2639770,Control
2657062,Control
6231124,Control
138093,Control
6728175,Control
6930729,Control
3851221,Control
1156058,Control
366858,Control
3870564,Control
3447667,Control
9178473,Control
8899758,Control
4369335,Control
8016271,Control
1957156,Control
8555631,Control
9465504,Control
4882513,Control
2965081,Control
8708356,Control
9370325,Control
1393226,Control
1005225,Control
5589818,Control
8260977,Control
9758935,Control
3380680,Control
2918312,Control
3123633,Control
2402375,Control
6859266,Control
7154717,Control
5902851,Control
6085447,Control
905532,Control
3782015,Control
2758215,Control
1859177,Control
7083650,Control
8396883,Control
7399918,Control
1477387,Control
7435434,Control
4423795,Control
7684461,Control
926593,Control
161108,Control
5509975,Control
8339083,Control
6276310,Control
4639609,Control
1416973,Control
9276611,Control
3181854,Control
6265566,Control
2331782,Control
8062119,Control
2309632,Control
4836369,Control
1988961,Control
7918244,Control
6663933,Control
1860239,Control
6199931,Control
7846713,Control
4014787,Control
1780243,Control
5585137,Control
214944,Control
1732193,Control
2287420,Control
2844190,Control
4275835,Control
8372713,Control
4008076,Control
2064344,Control
7606054,Control
9714351,Control
374015,Control
9945867,Control
6261427,Control
8922549,Control
2638214,Control
1282734,Control
2454265,Control
6351594,Control
2305548,Control
2428552,Control
8514501,Control
7516827,Control
8518643,Control
2232133,Control
3773740,Control
6918929,Control
5622776,Control
3523665,Control
1564207,Control
249680,Control
7869927,Control
9844982,Control
3650268,Control
7477079,Control
4636910,Control
6739192,Control
8998848,Control
3616897,Control
1501913,Control
9461515,Control
8938441,Control
2938439,Control
472102,Control
202865,Control
3947689,Control
3616512,Control
3324459,Control
1310333,Control
5868409,Control
534729,Control
4495031,Control
1613067,Control
876316,Control
1910572,Control
451568,Control
9218577,Control
3399896,Control
8523430,Control
6773458,Control
5118318,Control
9287702,Control
8921189,Control
7024708,Control
5444874,Control
2750970,Control
8393708,Control
8689010,Control
2645531,Control
9059933,Control
5374782,Control
863368,Control
3471084,Control
7675271,Control
1725207,Control
7561939,Control
9466065,Control
3247006,Control
2571980,Control
8722346,Control
5054246,Control
6265510,Control
9067923,Control
1531962,Control
3539952,Control
6093544,Control
3416443,Control
8231258,Control
7561139,Control
5249489,Control
1786154,Control
2871926,Control
7977345,Control
5487709,Control
2607873,Control
9243681,Control
7479485,Control
5987822,Control
6383980,Control
2331309,Control
7508843,Control
7477039,Control
1616570,Control
8699610,Control
2544781,Control
2673440,Control
1339881,Control
4465268,Control
8577819,Control
4135136,Control
7085828,Control
670627,Control
8985052,Control
3964465,Control
89116,Control
6584723,Control
1656237,Control
5817393,Control
611342,Control
7394311,Control
327337,Control
323290,Control
6063520,Control
4532869,Control
1503196,Control
2645428,Control
435757,Control
6829146,Control
2464755,Control
4410902,Control
379788,Control
1081847,Control
9580994,Control
8822145,Control
3545243,Control
8541839,Control
8259569,Control
2639555,Control
5463347,Control
1235312,Control
4198690,Control
5536303,Control
82566,Control
5078488,Control
8605448,Control
3972647,Control
9387217,Control
8029864,Control
2669712,Control
1027831,Control
5040008,Control
1013676,Control
8262801,Control
3194331,Control
5398901,Control
8149689,Control
4231428,Control
2416620,Control
2001996,Control
1459854,Control
8611797,Control
58456,Control
1975649,Control
7895117,Control
5565265,Control
7875647,Control
9657960,Control
6158474,Control
4363631,Control
5766971,Control
141591,Control
5510220,Control
2129008,Control
9348903,Control
8075641,Control
9788611,Control
1730627,Control
6534980,Control
7361200,Control
7362107,Control
2124715,Control
8632691,Control
8162270,Control
3447586,Control
2907284,Control
7677373,Control
9343444,Control
3415077,Control
2305223,Control
5062093,Control
2200900,Control
9222982,Control
3198495,Control
6582932,Control
2938090,Control
5149899,Control
5406971,Control
7852080,Control
4515143,Control
7015071,Control
5287377,Control
6360420,Control
9770830,Control
8668672,Control
5849432,Control
355337,Control
7938349,Control
4936425,Control
1933803,Control
5374697,Control
6653347,Control
5371282,Control
1106136,Control
5208415,Control
5676559,Control
5952907,Control
6409047,Control
5592682,Control
7242308,Control
4481283,Control
3041776,Control
5965015,Control
2682046,Control
6722816,Control
4608190,Control
8600149,Control
8320141,Control
3611643,Control
3791128,Control
3330356,Control
6310288,Control
4762487,Control
4991963,Control
8561235,Control
189299,Control
6577607,Control
1341459,Control
1447336,Control
9864849,Control
2353480,Control
1379217,Control
2636543,Control
6297093,Control
1147028,Control
1333273,Control
7293101,Control
2185907,Control
9156514,Control
5255917,Control
8155111,Control
2170862,Control
7707247,Control
6927122,Control
5483892,Control
5986383,Control
2461471,Control
9117173,Control
8312687,Control
7485730,Control
7375132,Control
5085663,Control
8310807,Control
8385886,Control
5088764,Control
413001,Control
3143968,Control
8278312,Control
8535057,Control
7723139,Control
8323924,Control
6472452,Control
7495299,Control
9663688,Control
1994353,Control
1882201,Control
7288041,Control
1665398,Control
5554655,Control
20898,Control
3365395,Control
5594705,Control
2486678,Control
5328254,Control
6244225,Control
6695365,Control
3672119,Control
4967759,Control
5349284,Control
5481185,Control
6438658,Control
466142,Control
2051216,Control
2010054,Control
3940377,Control
8161973,Control
6708135,Control
470239,Control
5436610,Control
2994540,Control
8180196,Control
9713872,Control
7115036,Control
3944778,Control
7479669,Control
8940713,Control
8056344,Control
6469364,Control
9820934,Control
4959394,Control
8546711,Control
4514762,Control
6313081,Control
2828520,Control
8670047,Control
898644,Control
2253708,Control
6575520,Control
2194077,Control
2785619,Control
691668,Control
1863619,Control
7421398,Control
9736647,Control
3622425,Control
4868834,Control
9389999,Control
2539571,Control
9547794,Control
167496,Control
3620178,Control
8869930,Control
1381379,Control
3629197,Control
7615744,Control
251184,Control
4189284,Control
2803523,Control
7774385,Control
9606146,Control
1629754,Control
240288,Control
9035900,Control
8114864,Control
6773158,Control
3097081,Control
6221372,Control
4483507,Control
655079,Control
7275502,Control
1869378,Control
358876,Control
8746468,Control
428170,Control
2652663,Control
2311246,Control
3396143,Control
8003898,Control
5192635,Control
3363406,Control
3709458,Control
1642693,Control
7048974,Control
2581,Control
323407,Control
4010961,Control
5259519,Control
4970937,Control
5790126,Control
3099382,Control
147077,Control
9219678,Control
9629829,Control
4813183,Control
6150554,Control
2001063,Control
982995,Control
5444203,Control
3361871,Control
1324191,Control
1438555,Control
1825417,Control
5682010,Control
6108295,Control
7115668,Control
8807704,Control
2715416,Control
5498249,Control
5263096,Control
3673896,Control
5683291,Control
7038496,Control
4259193,Control
1682436,Control
4900800,Control
2322348,Control
2100060,Control
1522892,Control
5540715,Control
9325237,Control
2493092,Control
6001954,Control
6045882,Control
3750864,Control
7534652,Control
3881868,Control
1138318,Control
8695994,Control
4705884,Control
9908182,Control
946828,Control
6373368,Control
4676984,Control
8655499,Control
5364720,Control
4436099,Control
8484217,Control
7553011,Control
7646982,Control
3855689,Control
4989845,Control
1975904,Control
9117250,Control
2047755,Control
941913,Control
8164889,Control
5823625,Control
2450230,Control
6305905,Control
6448159,Control
9763741,Control
8726016,Control
5998888,Control
6309176,Control
2338448,Control
1579430,Control
6892569,Control
8880863,Control
7239987,Control
8094167,Control
722886,Control
2426792,Control
2555200,Control
1643648,Control
5860978,Control
8255117,Control
8889922,Control
4419243,Control
3676438,Control
7619234,Control
133522,Control
3526585,Control
32305,Control
353628,Control
8353665,Control
8461668,Control
6951896,Control
7585111,Control
8894975,Control
6124040,Control
9877632,Control
105026,Control
8804122,Control
8809355,Control
1606322,Control
5807713,Control
9463762,Control
9743459,Control
8623810,Control
8536834,Control
1929189,Control
878114,Control
4052800,Control
8205512,Control
7393906,Control
97966,Control
8937499,Control
6257992,Control
6516140,Control
3017094,Control
706123,Control
6524126,Control
1325599,Control
7224908,Control
3143806,Control
4233642,Control
3260064,Control
5482053,Control
3564357,Control
6442338,Control
4318855,Control
4409810,Control
1569144,Control
9703028,Control
1460398,Control
1928237,Control
2600074,Control
3716587,Control
7816329,Control
9068866,Control
1208860,Control
1612789,Control
2045179,Control
9520009,Control
4328620,Control
5797212,Control
5890936,Control
6536450,Control
1767975,Control
2181092,Control
4131648,Control
3896511,Control
1464247,Control
8049083,Control
8786042,Control
9202893,Control
1627104,Control
182575,Control
6741425,Control
4907757,Control
8383420,Control
6808601,Control
9808183,Control
6597894,Control
9361231,Control
1540873,Control
4688141,Control
3633157,Control
4485744,Control
6472114,Control
8765304,Control
8444602,Control
7197673,Control
6586284,Control
5541129,Control
6021018,Control
5553119,Control
9885740,Control
5140672,Control
2426649,Control
1265020,Control
9512025,Control
134286,Control
2902628,Control
3392094,Control
1046045,Control
7363477,Control
7596918,Control
1901850,Control
8790672,Control
9491692,Control
844162,Control
1715432,Control
4988052,Control
4298159,Control
7875052,Control
6778500,Control
4857012,Control
3541892,Control
2601019,Control
6328295,Control
6718604,Control
940157,Control
1891658,Control
138686,Control
5944581,Control
7697675,Control
9059926,Control
556775,Control
9297665,Control
2350690,Control
2999886,Control
49412,Control
8117743,Control
5586031,Control
109859,Control
882506,Control
9309478,Control
9185377,Control
1784856,Control
6429856,Control
9043889,Control
7009928,Control
9425325,Control
7120519,Control
6961361,Control
2595115,Control
2315172,Control
8454454,Control
2847433,Control
9246756,Control
1286936,Control
3210525,Control
9113602,Control
8591997,Control
7519549,Control
5609544,Control
4308897,Control
772587,Control
5460882,Control
5369851,Control
3032845,Control
2264827,Control
7223227,Control
6935920,Control
307667,Control
1412211,Control
2631724,Control
2660768,Control
857273,Control
7254742,Control
1685089,Control
3980394,Control
8318768,Control
5767765,Control
9991130,Control
7108936,Control
1061310,Control
7329985,Control
6555609,Control
1930561,Control
9752938,Control
9427939,Control
4779050,Control
1565737,Control
2230340,Control
5601303,Control
763687,Control
4901025,Control
9776350,Control
2359722,Control
6373694,Control
1148217,Control
1256732,Control
5098714,Control
7544962,Control
1720415,Control
3537950,Control
7432600,Control
1271991,Control
9189182,Control
4210170,Control
9935196,Control
2823751,Control
1377639,Control
2187677,Control
5909312,Control
3543621,Control
3668470,Control
8835280,Control
512721,Control
3305488,Control
3563175,Control
1465222,Control
2830236,Control
7686034,Control
8037746,Control
80559,Control
1024220,Control
7827065,Control
9512448,Control
4660576,Control
5243201,Control
1302526,Control
8458079,Control
3420433,Control
561052,Control
3871065,Control
3060494,Control
6156369,Control
7858258,Control
9934469,Control
6987983,Control
3613933,Control
3120368,Control
2632330,Control
7291143,Control
3278374,Control
7708840,Control
2353550,Control
9830820,Control
5811895,Control
6051453,Control
2147522,Control
3117674,Control
7763094,Control
2972767,Control
3789652,Control
278834,Control
9413683,Control
1862987,Control
6125798,Control
8194847,Control
4369542,Control
9523552,Control
863407,Control
2304358,Control
5466774,Control
4653270,Control
5977705,Control
8521495,Control
8690825,Control
5626150,Control
5800774,Control
1908158,Control
1499746,Control
6467551,Control
9186473,Control
4652388,Control
1816917,Control
7592023,Control
796372,Control
3101604,Control
6678024,Control
7203298,Control
4936026,Control
8854405,Control
7855973,Control
8515040,Control
7018468,Control
8200065,Control
7203818,Control
8873419,Control
3648550,Control
6984141,Control
879099,Control
2162964,Control
8232143,Control
4656328,Control
2905481,Control
524126,Control
241057,Control
1757044,Control
6180069,Control
2288541,Control
907878,Control
2909272,Control
3979590,Control
7829766,Control
4869939,Control
8268271,Control
6246005,Control
7924728,Control
339396,Control
8143287,Control
6144736,Control
2578044,Control
3184837,Control
3253100,Control
6399171,Control
7041735,Control
6400804,Control
221734,Control
7005830,Control
9531302,Control
8788749,Control
8213030,Control
7864436,Control
1345895,Control
1462649,Control
4853915,Control
9321917,Control
9736081,Control
8911510,Control
237525,Control
6641855,Control
6363396,Control
5959689,Control
3469548,Control
2801133,Control
5980920,Control
6188191,Control
9245820,Control
1562630,Control
2675136,Control
8220863,Control
3027315,Control
921907,Control
269373,Control
6559121,Control
8012887,Control
4576237,Control
9573967,Control
2958867,Control
8124017,Control
4554482,Control
4317076,Control
8723535,Control
89108,Control
230560,Control
2264281,Control
4069070,Control
6841726,Control
7729569,Control
4076848,Control
3949122,Control
9721734,Control
7047192,Control
4463288,Control
5435979,Control
1429563,Control
6584092,Control
7342059,Control
9550257,Control
5539768,Control
7970370,Control
9839536,Control
2903115,Control
1975444,Control
1110311,Control
7473321,Control
3922995,Control
8214867,Control
4160440,Control
6006318,Control
3381541,Control
4608432,Control
2748956,Control
6155735,Control
8418536,Control
2417848,Control
6867009,Control
6471071,Control
2828096,Control
8448269,Control
4966417,Control
560955,Control
8965111,Control
3734426,Control
4971636,Control
5733085,Control
9879608,Control
183287,Control
4101005,Control
4003122,Control
5437387,Control
9655405,Control
3906973,Control
8166361,Control
1577727,Control
5693075,Control
6730752,Control
5352278,Control
1254213,Control
7670847,Control
3950983,Control
5429189,Control
8111660,Control
7638242,Control
5895512,Control
9612771,Control
4704178,Control
6932275,Control
2971711,Control
9134636,Control
6465861,Control
6195723,Control
8815157,Control
7222477,Control
871185,Control
8018381,Control
6958491,Control
5910853,Control
4118789,Control
3840271,Control
4529653,Control
1142512,Control
9092791,Control
5023186,Control
6755742,Control
1146272,Control
2317014,Control
7574520,Control
9594218,Control
1154599,Control
4972602,Control
7828108,Control
5921121,Control
6944329,Control
3442575,Control
931636,Control
910415,Control
4664271,Control
3512962,Control
3938117,Control
2483642,Control
7035604,Control
2122912,Control
6038516,Control
2316835,Control
463582,Control
4787368,Control
3941793,Control
613972,Control
1309722,Control
966641,Control
9599804,Control
8523376,Control
1773965,Control
9628857,Control
3166490,Control
4578251,Control
6784540,Control
5451741,Control
9834242,Control
533091,Control
6705689,Control
2995640,Control
8784101,Control
2944383,Control
645412,Control
8300317,Control
2000476,Control
3690352,Control
8711021,Control
3217072,Control
4281515,Control
7775635,Control
3449277,Control
5324211,Control
6070431,Control
2378341,Control
7845716,Control
5281957,Control
2478742,Control
8128128,Control
1475087,Control
8890723,Control
3893853,Control
7599775,Control
6182876,Control
1192189,Control
1502912,Control
7384949,Control
9012525,Control
5689684,Control
4744435,Control
149685,Control
2427048,Control
1206558,Control
5410614,Control
798874,Control
6244054,Control
619597,Control
8402356,Control
8938661,Control
2726231,Control
7291574,Control
6428991,Control
1710657,Control
7058753,Control
9784576,Control
1152603,Control
2156083,Control
3252729,Control
3903667,Control
2308847,Control
3843932,Control
9058208,Control
9461535,Control
1104795,Control
5096171,Control
5869570,Control
3398629,Control
1400056,Control
4546489,Control
8807163,Control
9364546,Control
5341314,Control
8240214,Control
5357257,Control
8295759,Control
6384753,Control
2069251,Control
7294783,Control
8538695,Control
4436193,Control
4807522,Control
7272255,Control
4329407,Control
1111449,Control
2982070,Control
8917970,Control
2188746,Control
9976784,Control
1440714,Control
8929016,Control
609917,Control
2182722,Control
8167124,Control
2444673,Control
3286441,Control
3548520,Control
1375516,Control
649596,Control
1872085,Control
7723478,Control
5450661,Control
3107324,Control
518323,Control
4822429,Control
4722457,Control
2463601,Control
2262804,Control
9738138,Control
1772241,Control
4167905,Control
7171365,Control
6888672,Control
6387328,Control
7469730,Control
5499919,Control
3137665,Control
3518501,Control
1066661,Control
6253622,Control
3279914,Control
5388332,Control
7326955,Control
132547,Control
3380938,Control
8024957,Control
479431,Control
1927826,Control
2641098,Control
5402814,Control
1392234,Control
8505452,Control
6673027,Control
2082886,Control
8245704,Control
5253954,Control
3617668,Control
3696448,Control
367638,Control
1598081,Control
4049668,Control
9286087,Control
9771287,Control
8284076,Control
2891006,Control
4674824,Control
7985820,Control
8506882,Control
4084575,Control
9092574,Control
3799319,Control
6332012,Control
7816648,Control
9237145,Control
3549403,Control
4174109,Control
5785124,Control
5762741,Control
9432141,Control
5556586,Control
3685546,Control
6683240,Control
7292568,Control
5655370,Control
3690628,Control
6038811,Control
6515101,Control
9935417,Control
6946092,Control
2709119,Control
177581,Control
6874702,Control
7062352,Control
9325512,Control
2314798,Control
3726737,Control
8561583,Control
309508,Control
1173016,Control
8934524,Control
1315678,Control
6794437,Control
1011862,Control
3018946,Control
9235731,Control
3076613,Control
2085392,Control
3426745,Control
2155157,Control
5944559,Control
2374361,Control
6805903,Control
7787381,Control
6423817,Control
2995887,Control
3712567,Control
6933576,Control
5956185,Control
2693746,Control
5719284,Control
2003283,Control
7702990,Control
8359010,Control
7352531,Control
2062413,Control
3210892,Control
6516677,Control
9314054,Control
6962474,Control
4661237,Control
4681588,Control
4893941,Control
2786437,Control
2636198,Control
6553321,Control
4710857,Control
1641640,Control
8424752,Control
1707935,Control
2373459,Control
2495009,Control
7754038,Control
889630,Control
6926499,Control
3063661,Control
867700,Control
9390806,Control
848198,Control
9888937,Control
8546973,Control
1922864,Control
9377916,Control
9077159,Control
7746966,Control
6743338,Control
1695407,Control
4036648,Control
5041056,Control
9408869,Control
4884218,Control
8228852,Control
3797582,Control
8208678,Control
7487230,Control
1630497,Control
5839728,Control
8850566,Control
6564976,Control
1325147,Control
126759,Control
9522418,Control
7951845,Control
1324886,Control
2315091,Control
2478632,Control
381123,Control
1632043,Control
6063870,Control
81601,Control
8035158,Control
2532966,Control
9018011,Control
9982969,Control
5445360,Control
5464626,Control
2714922,Control
4531242,Control
7476680,Control
2639557,Control
9780494,Control
3174783,Control
3575507,Control
5794832,Control
8863840,Control
8210230,Control
6765699,Control
336279,Control
4426269,Control
4677539,Control
9154169,Control
2061195,Control
8499979,Control
4242907,Control
4461747,Control
5449284,Control
282081,Control
8067039,Control
9433938,Control
6268778,Control
378530,Control
658732,Control
8135457,Control
2059033,Control
7115683,Control
5569038,Control
3170094,Control
9521658,Control
5104205,Control
3597060,Control
6801376,Control
9038115,Control
3452953,Control
3984014,Control
8781195,Control
6669765,Control
7109970,Control
3408606,Control
5012526,Control
8899445,Control
5878388,Control
1613278,Control
7450422,Control
7602333,Control
5803727,Control
9426700,Control
8267974,Control
8634142,Control
2942633,Control
7847920,Control
1312175,Control
1677855,Control
2877728,Control
8672723,Control
5155639,Control
7358030,Control
7417585,Control
7077317,Control
7855457,Control
3788314,Control
3540899,Control
5436944,Control
6384526,Control
4645740,Control
6953063,Control
1242301,Control
16135,Control
6822514,Control
8032447,Control
8581196,Control
8822569,Control
5608070,Control
4099580,Control
7481357,Control
4687047,Control
8649165,Control
4275305,Control
9826144,Control
6760966,Control
5152356,Control
4106010,Control
6554785,Control
6426294,Control
1995060,Control
2528019,Control
8789953,Control
4822147,Control
254909,Control
8012186,Control
1649660,Control
2242286,Control
3043508,Control
6936319,Control
7475602,Control
648062,Control
5869487,Control
8849290,Control
6146380,Control
1964178,Control
7419662,Control
4709127,Control
3299664,Control
9344005,Control
2165367,Control
4633561,Control
6862833,Control
3925764,Control
5624999,Control
2443997,Control
9792435,Control
4174656,Control
2863786,Control
1434270,Control
7349918,Control
7057041,Control
8142042,Control
8345732,Control
6332171,Control
177990,Control
1919252,Control
299872,Control
2227231,Control
5847726,Control
6068180,Control
3144002,Control
8510262,Control
4666211,Control
3482596,Control
5810358,Control
9811239,Control
2482282,Control
610587,Control
5683054,Control
395988,Control
1484808,Control
987970,Control
7179106,Control
7413723,Control
4924992,Control
5690717,Control
3449920,Control
7278607,Control
8676702,Control
7743144,Control
1309292,Control
7264359,Control
87162,Control
3251101,Control
5158443,Control
7404943,Control
8644876,Control
7221280,Control
412057,Control
6433333,Control
5832674,Control
2420826,Control
1892481,Control
5036055,Control
6112481,Control
9741876,Control
2753144,Control
1429794,Control
7783688,Control
2273445,Control
7256310,Control
1468988,Control
4473962,Control
6090404,Control
8204700,Control
9478730,Control
6905133,Control
7872209,Control
8167393,Control
8308042,Control
9218546,Control
2033411,Control
5432300,Control
2878094,Control
4846832,Control
1324846,Control
5961865,Control
5153744,Control
2979075,Control
9703336,Control
1790884,Control
3294909,Control
2469240,Control
8306917,Control
2325253,Control
1431526,Control
9659609,Control
4466183,Control
3684063,Control
5786829,Control
1701734,Control
6600580,Control
7096357,Control
8833869,Control
480836,Control
6791950,Control
8911064,Control
908517,Control
311296,Control
3861052,Control
743170,Control
8144798,Control
3123697,Control
4715380,Control
373892,Control
3641688,Control
6228133,Control
7928340,Control
5414532,Control
6759765,Control
2513729,Control
5932906,Control
6010271,Control
9334375,Control
9040655,Control
1419647,Control
5205651,Control
7021111,Control
5512095,Control
53094,Control
6305342,Control
8911088,Control
8186750,Control
4083801,Control
8655864,Control
6832055,Control
8858672,Control
8164330,Control
2465653,Control
821726,Control
3539231,Control
5006380,Control
8048568,Control
208307,Control
5102709,Control
6394638,Control
2841010,Control
3102426,Control
8111377,Control
4572528,Control
2094626,Control
5244658,Control
7849173,Control
5124454,Control
4687894,Control
6809435,Control
6291061,Control
6071692,Control
5582151,Control
4512339,Control
3816418,Control
5178136,Control
2488298,Control
8802307,Control
6055756,Control
3401302,Control
2866632,Control
2331608,Control
4767998,Control
5210423,Control
8626837,Control
6811175,Control
9361140,Control
6327393,Control
6728805,Control
302069,Control
7522380,Control
6529451,Control
6512523,Control
6603155,Control
2754991,Control
2684004,Control
955922,Control
1905822,Control
3613404,Control
692622,Control
7142697,Control
1050296,Control
2603190,Control
2961467,Control
409432,Control
2269756,Control
9397407,Control
465749,Control
7343195,Control
2972819,Control
4074198,Control
7560600,Control
3793227,Control
3542428,Control
9184029,Control
5059436,Control
1709235,Control
8012396,Control
2688576,Control
8455435,Control
4915982,Control
7506303,Control
5289052,Control
6159612,Control
8297741,Control
3152783,Control
8532409,Control
8254071,Control
6762071,Control
1822618,Control
3398684,Control
7363604,Control
5145328,Control
8968939,Control
3153355,Control
6342884,Control
3932987,Control
1753569,Control
3000332,Control
2212057,Control
2857106,Control
5764613,Control
4496177,Control
5521811,Control
982456,Control
4031845,Control
5987705,Control
1215090,Control
9968459,Control
5876422,Control
5189179,Control
8458271,Control
7732604,Control
8524876,Control
4406701,Control
4966474,Control
9077491,Control
812596,Control
2831158,Control
4885728,Control
7364879,Control
2822156,Control
4676782,Control
983319,Control
6443373,Control
9404094,Control
6579978,Control
9235498,Control
28542,Control
8046317,Control
6615405,Control
8944185,Control
7726175,Control
9608160,Control
34067,Control
5181822,Control
7096317,Control
1961944,Control
6354136,Control
6930466,Control
5171644,Control
42082,Control
6240949,Control
8536229,Control
269352,Control
1092703,Control
9560313,Control
1709551,Control
9083506,Control
7381520,Control
8566060,Control
9468405,Control
3996598,Control
7846757,Control
2515743,Control
5290689,Control
8290983,Control
7023981,Control
8772053,Control
7023561,Control
8234949,Control
4658117,Control
9175004,Control
5447562,Control
2762435,Control
2660247,Control
1819048,Control
9904267,Control
1446244,Control
2856133,Control
5580775,Control
4036345,Control
9204823,Control
7558101,Control
3604196,Control
3756833,Control
3606737,Control
238672,Control
6135432,Control
9654477,Control
9770521,Control
4741235,Control
1129989,Control
2268089,Control
576605,Control
7985605,Control
5413659,Control
9611279,Control
1550378,Control
4545467,Control
2317640,Control
3750142,Control
9117843,Control
2587087,Control
2791552,Control
330243,Control
4793150,Control
230950,Control
4551451,Control
5997395,Control
8742449,Control
7179800,Control
4972503,Control
9740330,Control
6362011,Control
2848642,Control
9928401,Control
4498280,Control
3296880,Control
720325,Control
245270,Control
6874017,Control
7041624,Control
2609757,Control
9014817,Control
1891067,Control
7787809,Control
752058,Control
2644380,Control
4188215,Control
2448787,Control
6530134,Control
7221834,Control
8247054,Control
8877861,Control
3608801,Control
2390397,Control
9004223,Control
4843378,Control
8037656,Control
1871798,Control
750370,Control
3138783,Control
8236198,Control
4580133,Control
520693,Control
5078210,Control
8689089,Control
798202,Control
8781957,Control
7201063,Control
359266,Control
2336104,Control
4303270,Control
3031632,Control
7628683,Control
6098439,Control
8240961,Control
1113377,Control
769715,Control
9461619,Control
482692,Control
3466699,Control
4508825,Control
1304706,Control
1305266,Control
4285424,Control
1734338,Control
7399041,Control
1532881,Control
1449950,Control
1348378,Control
5880392,Control
7791874,Control
4309097,Control
6813112,Control
157871,Control
5333922,Control
818084,Control
1698145,Control
8659718,Control
820937,Control
460291,Control
727133,Control
9793096,Control
4257759,Control
1136898,Control
6813831,Control
3378895,Control
4935831,Control
4429179,Control
8133761,Control
3997533,Control
7912423,Control
3828289,Control
6972473,Control
7826607,Control
2244649,Control
9253649,Control
5451809,Control
6846120,Control
5337567,Control
7716851,Control
1459221,Control
9383009,Control
595241,Control
4790875,Control
369968,Control
9450100,Control
1110116,Control
1118533,Control
2561916,Control
6766995,Control
9119940,Control
4475946,Control
9892711,Control
2631095,Control
3402568,Control
3605980,Control
7964160,Control
6096204,Control
6190541,Control
3789433,Control
8126956,Control
3988356,Control
3256364,Control
8102309,Control
1831180,Control
8267138,Control
1524159,Control
2489713,Control
1378044,Control
2410363,Control
392273,Control
9938863,Control
6209195,Control
1418262,Control
4239876,Control
3908768,Control
3188901,Control
8541153,Control
3740995,Control
8800235,Control
4015337,Control
9516498,Control
9726273,Control
5731886,Control
9326789,Control
7187119,Control
2790569,Control
4034394,Control
2962019,Control
3341070,Control
2985789,Control
5258581,Control
6716714,Control
3953220,Control
7716669,Control
2015094,Control
4297636,Control
583207,Control
6497677,Control
6610435,Control
1117967,Control
4135603,Control
9948339,Control
6092556,Control
6490862,Control
6072001,Control
2772447,Control
7358034,Control
5508187,Control
5385880,Control
7264487,Control
9023475,Control
5011864,Control
1215944,Control
9665433,Control
3464312,Control
7225168,Control
5993485,Control
3514875,Control
3817959,Control
9662896,Control
7064013,Control
399690,Control
9396373,Control
994861,Control
4658640,Control
7371764,Control
6648976,Control
6464365,Control
958145,Control
2313582,Control
2842485,Control
2481545,Control
555737,Control
2599987,Control
1679331,Control
4449850,Control
7279072,Control
5237360,Control
3275651,Control
7851212,Control
9325262,Control
2861330,Control
9706879,Control
369255,Control
1224493,Control
4311818,Control
3324233,Control
542609,Control
9756335,Control
1937877,Control
6060618,Control
7896038,Control
7677496,Control
5334349,Control
5246910,Control
2474749,Control
6479095,Control
5690574,Control
8497681,Control
4657154,Control
360511,Control
7612773,Control
5215310,Control
6978834,Control
7529953,Control
5084415,Control
8629156,Control
5534058,Control
7196697,Control
1208839,Control
9444890,Control
2936546,Control
2550027,Control
8675322,Control
8721817,Control
3242197,Control
8851132,Control
5112427,Control
4936156,Control
7730144,Control
3689244,Control
6697918,Control
97170,Control
13009,Control
1483712,Control
4994490,Control
3512662,Control
7095760,Control
493194,Control
6453112,Control
5815644,Control
3435545,Control
1531616,Control
8331981,Control
6459655,Control
7138610,Control
7869458,Control
715345,Control
3269114,Control
6838639,Control
7636646,Control
1435050,Control
1780590,Control
3710094,Control
4762692,Control
3892026,Control
956673,Control
7149361,Control
2204958,Control
7947445,Control
127477,Control
1659638,Control
4737705,Control
2480469,Control
1012423,Control
31715,Control
161074,Control
1310893,Control
2514806,Control
5708924,Control
2766627,Control
7884103,Control
8009077,Control
1754189,Control
872869,Control
2273399,Control
4284358,Control
7149854,Control
3455729,Control
5355929,Control
4223520,Control
214786,Control
7561079,Control
1090770,Control
2368114,Control
3941993,Control
956129,Control
7567135,Control
3887719,Control
4844608,Control
405565,Control
5379667,Control
9196593,Control
4353072,Control
6377119,Control
6749579,Control
2156449,Control
5809205,Control
4898296,Control
4040609,Control
1075256,Control
7278226,Control
7010476,Control
6784522,Control
8930684,Control
1843417,Control
8191449,Control
1957491,Control
4568193,Control
7521289,Control
1146828,Control
6840942,Control
7966415,Control
1742982,Control
1055254,Control
4961438,Control
5890080,Control
7707583,Control
4370785,Control
1126811,Control
8150060,Control
271955,Control
407804,Control
652990,Control
9668003,Control
2275598,Control
9079316,Control
6098583,Control
5698330,Control
5349851,Control
8820611,Control
5354,Control
8878116,Control
540948,Control
7967415,Control
5240077,Control
2861609,Control
4542331,Control
6878222,Control
6798317,Control
3393813,Control
5212142,Control
7786703,Control
4840338,Control
1830990,Control
613635,Control
6127305,Control
7638576,Control
4317446,Control
1882050,Control
5117714,Control
1311021,Control
6471706,Control
8900562,Control
6910263,Control
5449775,Control
5809893,Control
9112702,Control
3360813,Control
422480,Control
3251257,Control
7847850,Control
8170322,Control
2183950,Control
1038746,Control
5077246,Control
2980960,Control
5742800,Control
693500,Control
2232126,Control
7776747,Control
6508726,Control
2215051,Control
8409579,Control
7926195,Control
1985555,Control
5358622,Control
3841617,Control
4478331,Control
3201380,Control
6976946,Control
3667643,Control
3931869,Control
5328996,Control
5828768,Control
995002,Control
1717544,Control
6670368,Control
8148423,Control
3267458,Control
5147197,Control
4534403,Control
7590220,Control
4490901,Control
2831189,Control
8881979,Control
3765679,Control
6849764,Control
3261503,Control
4758194,Control
2495018,Control
9880534,Control
2998821,Control
9088028,Control
8593795,Control
4732163,Control
5205837,Control
227083,Control
4548015,Control
1946959,Control
2319125,Control
5363315,Control
5766870,Control
4086452,Control
992924,Control
9004664,Control
5467564,Control
5937217,Control
5959352,Control
7581994,Control
4500260,Control
8080881,Control
5300698,Control
2922703,Control
9989589,Control
307903,Control
5749703,Control
1616906,Control
6477209,Control
1109597,Control
8455042,Control
2989514,Control
9037490,Control
4170491,Control
4488611,Control
1408332,Control
1681595,Control
1811363,Control
6524781,Control
1781660,Control
1597306,Control
631263,Control
7769865,Control
8724124,Control
1984672,Control
5339081,Control
4055560,Control
2638234,Control
8360430,Control
4396444,Control
3648974,Control
4706274,Control
1473551,Control
5020449,Control
3333833,Control
7993028,Control
7161415,Control
3526399,Control
5799151,Control
1031166,Control
7881522,Control
2844725,Control
3367503,Control
1320408,Control
8402663,Control
6613881,Control
6133577,Control
8389387,Control
8844038,Control
3623471,Control
9675490,Control
5858388,Control
2131562,Control
5031420,Control
3019793,Control
6845739,Control
4754082,Control
3813598,Control
4895382,Control
7170515,Control
2325282,Control
2224552,Control
1209410,Control
7388571,Control
7183284,Control
2698849,Control
193835,Control
5544739,Control
6372964,Control
7619691,Control
8619261,Control
6356072,Control
8984851,Control
1250068,Control
3570973,Control
7789902,Control
4888228,Control
9697625,Control
1976268,Control
7843655,Control
1676036,Control
4358124,Control
672407,Control
7387734,Control
2105966,Control
3810894,Control
784015,Control
5031199,Control
4103512,Control
752336,Control
4158404,Control
6995051,Control
7255011,Control
4122372,Control
8715743,Control
7582906,Control
3440791,Control
93127,Control
2038365,Control
8515299,Control
6795578,Control
7498309,Control
1990964,Control
8148869,Control
3173760,Control
237822,Control
3714371,Control
1068491,Control
6708001,Control
4488919,Control
9052626,Control
2282626,Control
5395795,Control
7512367,Control
2379890,Control
9944715,Control
7550339,Control
568086,Control
7920313,Control
9664478,Control
779691,Control
4048954,Control
7812814,Control
1304930,Control
3407269,Control
4582201,Control
16095,Control
1138735,Control
2186741,Control
6711126,Control
9542357,Control
396523,Control
8203352,Control
2242768,Control
3161378,Control
8336492,Control
2091795,Control
6800684,Control
35087,Control
1679014,Control
4539371,Control
7936415,Control
4260890,Control
5775585,Control
9718806,Control
9014045,Control
2402872,Control
6049084,Control
3477535,Control
2221950,Control
3388144,Control
3908093,Control
8984450,Control
574136,Control
7119919,Control
8499329,Control
5508268,Control
8076343,Control
888682,Control
9584266,Control
9574316,Control
4035366,Control
4702003,Control
3952364,Control
138395,Control
2489460,Control
72221,Control
3069378,Control
9634085,Control
148076,Control
9550519,Control
4058187,Control
9815086,Control
7910014,Control
3773516,Control
5033521,Control
3082507,Control
4029048,Control
1474213,Control
9397189,Control
2550100,Control
6198022,Control
5247830,Control
3500630,Control
7628536,Control
5823627,Control
6584442,Control
9361103,Control
6122432,Control
6323047,Control
9048979,Control
2634035,Control
1076454,Control
5581468,Control
2300994,Control
285619,Control
2805504,Control
4758838,Control
3829697,Control
7024103,Control
6172702,Control
6667105,Control
3416877,Control
2660120,Control
9380808,Control
4931650,Control
9163259,Control
8157893,Control
9262828,Control
1011263,Control
8569160,Control
3680890,Control
1364356,Control
7250450,Control
6120307,Control
5439077,Control
9159526,Control
2006518,Control
9719526,Control
4870070,Control
873963,Control
3126841,Control
8685018,Control
8670757,Control
1683664,Control
8213887,Control
361306,Control
9616872,Control
5085938,Control
6587026,Control
4568327,Control
7573293,Control
2068954,Control
9588333,Control
1391630,Control
1486850,Control
1326458,Control
7490608,Control
8517414,Control
6133626,Control
9077544,Control
9045161,Control
1538557,Control
1842548,Control
1006456,Control
2433851,Control
7909733,Control
5244179,Control
6868984,Control
4399935,Control
2646824,Control
7103902,Control
9489239,Control
8974088,Control
3174716,Control
9073948,Control
3855683,Control
8360030,Control
6310137,Control
5744690,Control
1131700,Control
6400280,Control
9160960,Control
6526572,Control
5161244,Control
4760156,Control
7760221,Control
4285382,Control
3519710,Control
1077656,Control
7474982,Control
7074517,Control
5050473,Control
7617417,Control
391817,Control
1051082,Control
4990904,Control
8536134,Control
9445016,Control
2628355,Control
3097679,Control
1988002,Control
6115276,Control
1828116,Control
4454345,Control
6727553,Control
7093538,Control
6009927,Control
1394255,Control
3789829,Control
2479277,Control
4871965,Control
5817789,Control
1384555,Control
4681803,Control
6474741,Control
4560132,Control
6149311,Control
9753307,Control
3265866,Control
7741639,Control
6991815,Control
3017509,Control
1963440,Control
5999506,Control
2061668,Control
5308678,Control
4150493,Control
9517536,Control
2274696,Control
7429692,Control
9004347,Control
4330533,Control
3635906,Control
7864698,Control
6493766,Control
8351676,Control
4851986,Control
2657386,Control
6734507,Control
8539397,Control
546664,Control
5120495,Control
4848304,Control
2566430,Control
8544228,Control
2649126,Control
4891782,Control
6219097,Control
4197171,Control
5631954,Control
7330117,Control
5086559,Control
1493662,Control
8384531,Control
654835,Control
2203560,Control
9268382,Control
2293999,Control
1357971,Control
156945,Control
3553394,Control
6713641,Control
305572,Control
9635331,Control
6652996,Control
6884826,Control
2226478,Control
6518414,Control
8390524,Control
1406631,Control
9557333,Control
1733552,Control
6238531,Control
6583420,Control
3664748,Control
2785387,Control
2730316,Control
2740441,Control
2537139,Control
6623612,Control
8782655,Control
5127982,Control
8341199,Control
688969,Control
519927,Control
2013589,Control
6425263,Control
8526245,Control
3240957,Control
7019113,Control
948823,Control
6670822,Control
125273,Control
2308976,Control
3233122,Control
4211028,Control
4094074,Control
8968297,Control
4389711,Control
23276,Control
7005269,Control
4812012,Control
5099372,Control
3492538,Control
1989165,Control
6490913,Control
7042270,Control
344960,Control
2454173,Control
7849272,Control
6308806,Control
9353814,Control
5326530,Control
9397910,Control
9141735,Control
372698,Control
8525671,Control
9631936,Control
5342378,Control
6611712,Control
9733107,Control
6978265,Control
7171199,Control
7335101,Control
2891163,Control
7580314,Control
5376723,Control
59860,Control
751833,Control
6352249,Control
5494657,Control
6437044,Control
2836704,Control
292768,Control
4993368,Control
5819141,Control
3104701,Control
4900129,Control
3190600,Control
3658118,Control
1431817,Control
3185322,Control
985481,Control
7362110,Control
4412599,Control
9272592,Control
3726482,Control
1412125,Control
342684,Control
5927926,Control
2485231,Control
214594,Control
258829,Control
5298248,Control
2439771,Control
6798836,Control
3169281,Control
3629140,Control
9480124,Control
9864385,Control
3206719,Control
2200120,Control
2488155,Control
2214260,Control
836428,Control
6199973,Control
1366281,Control
658163,Control
6652948,Control
3865233,Control
608014,Control
5810662,Control
79679,Control
650109,Control
4796258,Control
1672891,Control
7961209,Control
4273312,Control
3463938,Control
8438572,Control
268908,Control
5723200,Control
6061814,Control
8619982,Control
803476,Control
948941,Control
8159854,Control
2328158,Control
8432888,Control
9967744,Control
2563727,Control
3149820,Control
3249076,Control
3450553,Control
4628890,Control
7443147,Control
8661139,Control
2344028,Control
5251671,Control
8999959,Control
1848821,Control
3965955,Control
4326386,Control
8857044,Control
4465005,Control
3602591,Control
5429994,Control
3877680,Control
4630395,Control
6325520,Control
5084229,Control
3002873,Control
7128894,Control
2498729,Control
1092660,Control
109413,Control
7160870,Control
3306367,Control
648763,Control
3125489,Control
2095043,Control
6867447,Control
9507433,Control
9872848,Control
8243871,Control
4803289,Control
1192815,Control
5854788,Control
2586304,Control
7068614,Control
4477456,Control
1504166,Control
5310152,Control
4547422,Control
7657707,Control
6627468,Control
9858493,Control
7564346,Control
9310498,Control
7405035,Control
8812865,Control
3696592,Control
2270844,Control
9456594,Control
9147228,Control
2881753,Control
7319328,Control
7306750,Control
4189206,Control
194686,Control
493083,Control
5949254,Control
7460136,Control
4617343,Control
8064081,Control
6097938,Control
7974545,Control
8820443,Control
2955506,Control
5588796,Control
274798,Control
8386668,Control
9995400,Control
1960844,Control
1851755,Control
1572093,Control
9518543,Control
2435494,Control
4359943,Control
4684324,Control
2681891,Control
1821665,Control
6132220,Control
6648294,Control
429957,Control
3644304,Control
2013566,Control
8449611,Control
5632085,Control
953722,Control
7861081,Control
1604907,Control
903191,Control
8071131,Control
8436848,Control
417642,Control
3568441,Control
1956823,Control
6448014,Control
1025369,Control
2014514,Control
2634727,Control
629259,Control
5250186,Control
5417393,Control
4906459,Control
6999674,Control
5901964,Control
4839015,Control
5907969,Control
1887329,Control
7029071,Control
878675,Control
9647384,Control
3977654,Control
3994533,Control
509544,Control
2525521,Control
5090382,Control
4814613,Control
1255626,Control
9807800,Control
7400219,Control
7217265,Control
8003993,Control
5900557,Control
7197227,Control
8919237,Control
5298822,Control
7351660,Control
8319955,Control
7294785,Control
8763977,Control
3254765,Control
3762172,Control
3677469,Control
744365,Control
2824256,Control
114459,Control
960388,Control
4219309,Control
8743848,Control
5378149,Control
7761667,Control
3676830,Control
5078603,Control
6093698,Control
8365468,Control
4042433,Control
2686544,Control
4321297,Control
8860154,Control
2691102,Control
6103153,Control
6171366,Control
4598217,Control
4717657,Control
9902742,Control
5287546,Control
6256172,Control
711827,Control
1284972,Control
5035892,Control
1786699,Control
2030016,Control
7985857,Control
8638273,Control
5430137,Control
1456421,Control
7994671,Control
4998418,Control
4252909,Control
9224876,Control
1093152,Control
2890412,Control
1128925,Control
9639923,Control
3466317,Control
1844826,Control
4422146,Control
1193217,Control
3995477,Control
5597360,Control
906029,Control
8456202,Control
4286848,Control
6399633,Control
3449824,Control
5478068,Control
5621982,Control
1615709,Control
6993828,Control
6948185,Control
4442607,Control
8470681,Control
2859064,Control
7187992,Control
3598019,Control
5829248,Control
9304931,Control
7688784,Control
7013037,Control
8509526,Control
8184463,Control
7489127,Control
5685942,Control
7123109,Control
9745786,Control
5764510,Control
5570237,Control
8299423,Control
5322577,Control
9228149,Control
849561,Control
8671015,Control
4881458,Control
9142978,Control
1511326,Control
6743650,Control
6267683,Control
1963382,Control
1658941,Control
6084682,Control
1409376,Control
5822478,Control
8905961,Control
9249867,Control
7123998,Control
263217,Control
7579546,Control
351533,Control
2863255,Control
4934053,Control
9309343,Control
6540065,Control
2928400,Control
8148299,Control
5777764,Control
3148396,Control
6140556,Control
342646,Control
9868880,Control
5709764,Control
3005990,Control
9279103,Control
9544479,Control
3250691,Control
9717008,Control
6405187,Control
7789673,Control
1364740,Control
3616483,Control
6700512,Control
6525445,Control
7963417,Control
4632537,Control
7466698,Control
5116603,Control
6099297,Control
4396402,Control
8687998,Control
5916963,Control
3493304,Control
8752868,Control
5378046,Control
6595891,Control
5339133,Control
1590045,Control
2173695,Control
8824053,Control
373454,Control
7234710,Control
7231186,Control
7114905,Control
9641700,Control
7125818,Control
4015554,Control
9048769,Control
3124882,Control
3528580,Control
9711488,Control
2707225,Control
7343694,Control
3334875,Control
7738477,Control
2120373,Control
9855942,Control
4557744,Control
8872073,Control
2508150,Control
8486606,Control
5698452,Control
1789611,Control
9296587,Control
2893623,Control
9381346,Control
7536028,Control
3748827,Control
6196184,Control
1366366,Control
2332011,Control
5898764,Control
5345656,Control
1412119,Control
890755,Control
8209682,Control
4800447,Control
7090843,Control
5637407,Control
3836039,Control
2683014,Control
2538398,Control
7748410,Control
985546,Control
9279545,Control
5303422,Control
1764645,Control
1227135,Control
6457533,Control
4198518,Control
8157247,Control
256318,Control
5599473,Control
3162839,Control
4314548,Control
2074688,Control
8472348,Control
3191722,Control
8352552,Control
2095375,Control
696801,Control
6689315,Control
2114888,Control
547839,Control
9923432,Control
3197585,Control
6477539,Control
5721330,Control
9855682,Control
6564940,Control
9351887,Control
3738717,Control
2360447,Control
7045882,Control
9504886,Control
730137,Control
9560201,Control
4416226,Control
8882426,Control
26211,Control
548028,Control
9211840,Control
6904174,Control
5091858,Control
8995260,Control
8753141,Control
6258754,Control
3716792,Control
9881248,Control
9799670,Control
8409408,Control
6089566,Control
750686,Control
524388,Control
8398698,Control
5299317,Control
961187,Control
9989637,Control
3268586,Control
1781992,Control
7753059,Control
1420912,Control
7405342,Control
3798462,Control
4375520,Control
8366885,Control
9944948,Control
1497256,Control
3855497,Control
3209119,Control
661172,Control
4703735,Control
8716105,Control
738015,Control
7097753,Control
7840823,Control
5561667,Control
4954642,Control
7806544,Control
8870779,Control
3215049,Control
3346530,Control
4509405,Control
7703649,Control
5502279,Control
2142490,Control
5606762,Control
8250493,Control
4921993,Control
5949669,Control
3232607,Control
7734971,Control
1209381,Control
966122,Control
7893752,Control
105357,Control
3501547,Control
6053509,Control
3874313,Control
7636356,Control
2512568,Control
9557253,Control
9715239,Control
211786,Control
7080227,Control
8816651,Control
31191,Control
5199600,Control
651935,Control
6972171,Control
5863707,Control
6865212,Control
5823529,Control
9981420,Control
2836054,Control
883500,Control
2941700,Control
2817519,Control
2199516,Control
2489943,Control
4651111,Control
5330523,Control
4625824,Control
5330356,Control
1043949,Control
4447192,Control
5557759,Control
1052802,Control
8447700,Control
9923595,Control
9222610,Control
7166925,Control
1768966,Control
7444188,Control
8208413,Control
2629856,Control
9878614,Control
1318882,Control
2516294,Control
5841975,Control
3876731,Control
7939754,Control
9525071,Control
8314547,Control
6835030,Control
7554295,Control
2989904,Control
7524570,Control
2884350,Control
3290446,Control
3695438,Control
6486255,Control
52111,Control
2752022,Control
7411561,Control
3086073,Control
3421186,Control
2800369,Control
8409019,Control
3084005,Control
5763560,Control
50185,Control
2214909,Control
5276044,Control
2771384,Control
4657833,Control
1423461,Control
2255606,Control
5589543,Control
1662557,Control
9485108,Control
2227005,Control
8384923,Control
6715259,Control
8699930,Control
7411125,Control
2429252,Control
8548776,Control
2150129,Control
9459281,Control
4444941,Control
8424613,Control
1231274,Control
2588087,Control
5688575,Control
738931,Control
5479144,Control
7704754,Control
9688091,Control
3037882,Control
4357479,Control
3277018,Control
8153271,Control
3904119,Control
5299753,Control
2473261,Control
1837031,Control
4472811,Control
2946301,Control
6225944,Control
4474748,Control
8357465,Control
609799,Control
2363257,Control
2206737,Control
2215826,Control
6631740,Control
4026126,Control
3279570,Control
8167786,Control
1274569,Control
9427694,Control
8894041,Control
4978123,Control
3015972,Control
1895465,Control
8742053,Control
450752,Control
517707,Control
447498,Control
9654101,Control
6519864,Control
9157635,Control
2886322,Control
2173953,Control
5770418,Control
8587014,Control
3096114,Control
7265650,Control
9487294,Control
8007480,Control
1832920,Control
4365588,Control
2661574,Control
7268709,Control
9679406,Control
4143462,Control
8176161,Control
5339990,Control
9434151,Control
8087297,Control
9916208,Control
5477698,Control
7172286,Control
8635033,Control
571941,Control
9250390,Control
9232913,Control
7845666,Control
3492418,Control
2746359,Control
6513675,Control
1532154,Control
5374041,Control
8070976,Control
5696560,Control
7270902,Control
1166221,Control
139079,Control
7326156,Control
8119688,Control
3717404,Control
1541616,Control
8777358,Control
704777,Control
2798244,Control
909050,Control
5347616,Control
4350140,Control
4283579,Control
3681402,Control
8578621,Control
1953269,Control
312726,Control
5349768,Control
7032639,Control
927353,Control
7827687,Control
8690643,Control
4171396,Control
9218351,Control
4528485,Control
5536159,Control
4807174,Control
4267612,Control
4766085,Control
8805078,Control
2523896,Control
5709043,Control
5105759,Control
8204995,Control
9004319,Control
5575801,Control
562259,Control
8939052,Control
6263611,Control
2341480,Control
3302734,Control
8220893,Control
4716554,Control
2203105,Control
4569606,Control
9165419,Control
647824,Control
6621608,Control
3773950,Control
1246293,Control
7298826,Control
297220,Control
9875946,Control
1637198,Control
5715807,Control
9530114,Control
9570424,Control
6422659,Control
793397,Control
2633568,Control
8228558,Control
3980478,Control
7162494,Control
2961285,Control
3083985,Control
2291432,Control
9411943,Control
4645328,Control
6654500,Control
9370903,Control
7009565,Control
7074316,Control
4237084,Control
6252053,Control
1077506,Control
8110402,Control
2692189,Control
1565067,Control
6166822,Control
1443121,Control
6213804,Control
2309007,Control
5139646,Control
2911049,Control
8364181,Control
9659535,Control
1604827,Control
7804662,Control
5431942,Control
2304444,Control
2604445,Control
717126,Control
7033721,Control
3251707,Control
7439475,Control
2657038,Control
946577,Control
9980566,Control
7381522,Control
9331980,Control
7252114,Control
7356198,Control
187837,Control
1166624,Control
8630852,Control
486496,Control
3161926,Control
5808972,Control
1731892,Control
5939898,Control
7603967,Control
1908654,Control
1994865,Control
405501,Control
752201,Control
8434941,Control
3736638,Control
888133,Control
8368822,Control
6454869,Control
4000443,Control
9593457,Control
1574827,Control
4260236,Control
6749198,Control
4081642,Control
1884336,Control
2391646,Control
1721065,Control
277560,Control
4123542,Control
3891526,Control
3761945,Control
6704362,Control
9282466,Control
8471697,Control
9403313,Control
2787270,Control
3725597,Control
3561951,Control
9002539,Control
8047484,Control
8768179,Control
7369337,Control
2353743,Control
1644577,Control
6791344,Control
9812702,Control
1946416,Control
4701167,Control
4451169,Control
6367624,Control
9091585,Control
9991998,Control
5057465,Control
3313823,Control
2786042,Control
3545984,Control
1788187,Control
2966822,Control
219851,Control
1066226,Control
5598950,Control
9717954,Control
2100966,Control
5154904,Control
9203288,Control
1884535,Control
9868222,Control
7988348,Control
8957815,Control
7640897,Control
6091610,Control
6346829,Control
743445,Control
7713773,Control
8057539,Control
4890753,Control
8058029,Control
96548,Control
5724791,Control
3090798,Control
777736,Control
8893526,Control
2912521,Control
4613465,Control
6885745,Control
27554,Control
6185856,Control
7053498,Control
3624926,Control
7726539,Control
1197953,Control
2532415,Control
6458491,Control
8006175,Control
6484236,Control
2278496,Control
5177200,Control
1702090,Control
9369908,Control
5085733,Control
3991847,Control
1462983,Control
5108320,Control
7513572,Control
4395024,Control
8967720,Control
3587810,Control
1665967,Control
7588380,Control
8627640,Control
9722838,Control
3744135,Control
9158440,Control
4960956,Control
8215989,Control
4898592,Control
2111268,Control
3123286,Control
1709752,Control
6921532,Control
9484909,Control
571423,Control
6107602,Control
4627868,Control
9643123,Control
4141484,Control
3489600,Control
5735934,Control
1319161,Control
6233051,Control
4396526,Control
6448567,Control
9070908,Control
5834919,Control
6409786,Control
5154397,Control
9525724,Control
9997470,Control
4237887,Control
5426380,Control
8042531,Control
2541030,Control
7539129,Control
6069603,Control
2147436,Control
8873524,Control
2671231,Control
8596009,Control
2706512,Control
8662871,Control
9074110,Control
1938766,Control
4236442,Control
2679961,Control
8665369,Control
5468919,Control
2964488,Control
1687330,Control
4237982,Control
2834996,Control
7271229,Control
3738762,Control
8034444,Control
379383,Control
1180546,Control
1866820,Control
4143292,Control
3121283,Control
1209146,Control
3184555,Control
998606,Control
7428336,Control
2008364,Control
8065001,Control
9660142,Control
8293466,Control
2249641,Control
4894515,Control
9628678,Control
8263833,Control
5460427,Control
1555004,Control
512883,Control
8344199,Control
3909190,Control
8056492,Control
2849792,Control
2971820,Control
8122881,Control
757967,Control
1255754,Control
8800357,Control
1974935,Control
8966814,Control
9957176,Control
3551089,Control
9245956,Control
4215317,Control
1121613,Control
8909517,Control
2754800,Control
6796821,Control
2744794,Control
8738019,Control
252002,Control
3786111,Control
657670,Control
3354034,Control
5822378,Control
8188833,Control
3448079,Control
5770038,Control
8328439,Control
7331702,Control
7385443,Control
5756509,Control
7885192,Control
5318448,Control
7685747,Control
4426131,Control
1991959,Control
7186557,Control
7590544,Control
4210290,Control
1288843,Control
3222334,Control
5268101,Control
6858602,Control
7546769,Control
7297248,Control
4163260,Control
4823018,Control
1363526,Control
2663347,Control
7871585,Control
1138609,Control
6559545,Control
9337604,Control
4441826,Control
5786791,Control
3714922,Control
4698689,Control
1830056,Control
1089812,Control
4565926,Control
6832721,Control
9455830,Control
9115330,Control
1006981,Control
9117407,Control
4596262,Control
4939103,Control
9444536,Control
570476,Control
3209032,Control
9728651,Control
3612916,Control
9584408,Control
603740,Control
18973,Control
9423971,Control
9466171,Control
9786865,Control
3250035,Control
905755,Control
2294133,Control
7955667,Control
9173546,Control
4055697,Control
8587573,Control
2457327,Control
5801776,Control
6133338,Control
131064,Control
7631171,Control
8469085,Control
4091619,Control
4991019,Control
9842782,Control
2170311,Control
6890062,Control
2268819,Control
2229537,Control
6787673,Control
9724303,Control
5819627,Control
9155004,Control
5520072,Control
1547210,Control
8185916,Control
2245536,Control
6125450,Control
8680122,Control
6370506,Control
1682282,Control
299563,Control
2177970,Control
5847586,Control
8651045,Control
3283172,Control
2994001,Control
3251455,Control
4405518,Control
8394449,Control
1472953,Control
2662438,Control
3379197,Control
7043361,Control
1352969,Control
1848243,Control
3709450,Control
9828885,Control
6978135,Control
8577690,Control
2828146,Control
6644346,Control
3088104,Control
4498712,Control
7066840,Control
7992449,Control
6641842,Control
8025718,Control
5869101,Control
4882327,Control
4442348,Control
9931152,Control
7723133,Control
1709771,Control
6467744,Control
3740598,Control
3432704,Control
1203363,Control
1341077,Control
486643,Control
5903999,Control
7334580,Control
8458014,Control
9328726,Control
8811666,Control
2783648,Control
356824,Control
9808991,Control
1070909,Control
781384,Control
7299811,Control
350463,Control
8499279,Control
4752329,Control
7351059,Control
2178579,Control
4883460,Control
3383050,Control
7005603,Control
7595966,Control
6482517,Control
6806435,Control
1585160,Control
9238045,Control
8584566,Control
9406052,Control
9110421,Control
9015448,Control
7066530,Control
783788,Control
4990448,Control
3721563,Control
9616879,Control
9774953,Control
2491171,Control
3007715,Control
1948517,Control
4622774,Control
1372908,Control
1940213,Control
3376210,Control
3218370,Control
8190179,Control
6597999,Control
4971428,Control
5716313,Control
6352478,Control
2798458,Control
805850,Control
6720918,Control
2476589,Control
9092579,Control
5991406,Control
3884609,Control
1196136,Control
9825994,Control
7407868,Control
5533863,Control
8607066,Control
6856821,Control
5191224,Control
5906129,Control
4663089,Control
3672340,Control
6815257,Control
428698,Control
5377323,Control
9301583,Control
5565298,Control
846806,Control
2806415,Control
9151123,Control
575213,Control
3092850,Control
3469294,Control
816508,Control
4818612,Control
768793,Control
4195653,Control
6123492,Control
5598921,Control
6106095,Control
3480090,Control
9255891,Control
4073560,Control
9257359,Control
1721774,Control
6503866,Control
9701567,Control
2383774,Control
5115969,Control
6030890,Control
5865256,Control
909969,Control
9280668,Control
6728638,Control
8681682,Control
3558115,Control
957328,Control
6114410,Control
6780846,Control
8415669,Control
6525417,Control
8766443,Control
8645415,Control
4335004,Control
4709898,Control
4754533,Control
2874933,Control
9325743,Control
7602445,Control
1906072,Control
7469891,Control
3277379,Control
9370023,Control
7866590,Control
7335613,Control
6464508,Control
4019292,Control
3991063,Control
5433214,Control
657941,Control
9097576,Control
9165216,Control
292954,Control
7781235,Control
7694180,Control
4600907,Control
7233735,Control
9066243,Control
5177219,Control
1244412,Control
420825,Control
9390009,Control
2251561,Control
1248713,Control
8881406,Control
2505992,Control
6283606,Control
3006793,Control
7389969,Control
5558421,Control
22885,Control
5733807,Control
7327736,Control
1145419,Control
5871792,Control
2828426,Control
9695798,Control
7485600,Control
2091129,Control
8506258,Control
86499,Control
5396257,Control
1262832,Control
3874422,Control
5102939,Control
116682,Control
8646089,Control
6673674,Control
4956387,Control
3665536,Control
1363220,Control
5763840,Control
4155989,Control
3916909,Control
9229,Control
8548007,Control
7022229,Control
2349303,Control
8088301,Control
8555576,Control
4182207,Control
8561185,Control
6598688,Control
6202655,Control
1592329,Control
9828089,Control
3823398,Control
1948843,Control
2595560,Control
5974323,Control
1306678,Control
1922383,Control
2067289,Control
2073658,Control
7509628,Control
7752431,Control
6293390,Control
8058044,Control
4734110,Control
2284157,Control
1863728,Control
9224081,Control
7218014,Control
799161,Control
4308408,Control
2850387,Control
9729753,Control
7097814,Control
6536391,Control
2011557,Control
5376525,Control
5709603,Control
4807789,Control
4981076,Control
9728732,Control
4685022,Control
1194386,Control
7884386,Control
9164450,Control
4969613,Control
3379730,Control
3456911,Control
3065744,Control
9904782,Control
3470971,Control
2525157,Control
9382259,Control
6185706,Control
4473377,Control
2589483,Control
1456118,Control
952223,Control
1902404,Control
7763377,Control
667494,Control
9755324,Control
6073907,Control
3541443,Control
7804929,Control
4461907,Control
4930397,Control
5618665,Control
3934480,Control
8920691,Control
9566257,Control
7557189,Control
1019416,Control
5040733,Control
2287360,Control
3506305,Control
6751787,Control
7308535,Control
8426255,Control
6923123,Control
3667266,Control
4319222,Control
9657390,Control
8702253,Control
1437677,Control
9976496,Control
560548,Control
1173759,Control
62058,Control
4605889,Control
3510917,Control
5564728,Control
6548727,Control
3102915,Control
8476755,Control
8026324,Control
4203297,Control
4043123,Control
9295034,Control
483080,Control
5755447,Control
6665261,Control
5274015,Control
4655561,Control
1511193,Control
2733707,Control
9715761,Control
723243,Control
6854605,Control
3581725,Control
8083799,Control
4592870,Control
8413588,Control
3646268,Control
4938026,Control
9152473,Control
1744352,Control
1825113,Control
9445942,Control
1652493,Control
5355401,Control
9050950,Control
3943018,Control
221354,Control
4352988,Control
5783708,Control
4788925,Control
8249112,Control
3036745,Control
774565,Control
8068434,Control
4390399,Control
1022124,Control
9060189,Control
7177906,Control
3553475,Control
4620864,Control
6617851,Control
5478485,Control
9749403,Control
8966565,Control
5765309,Control
4981557,Control
8815082,Control
7300229,Control
7538160,Control
2661758,Control
1134563,Control
1503995,Control
3453663,Control
2285610,Control
1522674,Control
5108566,Control
4946486,Control
6809644,Control
285205,Control
8056465,Control
9619981,Control
4438743,Control
3466295,Control
714320,Control
5725928,Control
4943507,Control
4238252,Control
9299842,Control
9924379,Control
4418518,Control
5930908,Control
6690779,Control
9778090,Control
9740374,Control
2238815,Control
6201944,Control
6545826,Control
579061,Control
1103375,Control
9341992,Control
7471592,Control
2878339,Control
5805534,Control
5299122,Control
37295,Control
3371427,Control
3532521,Control
8340499,Control
6355297,Control
6306006,Control
3113361,Control
3925168,Control
9823788,Control
3735869,Control
1155317,Control
6122115,Control
7932951,Control
9368027,Control
5467350,Control
349379,Control
6206578,Control
1110987,Control
9771374,Control
7264146,Control
7224020,Control
1135081,Control
9466213,Control
4437808,Control
1960366,Control
6575568,Control
8827276,Control
3595560,Control
9591499,Control
343906,Control
6941562,Control
3165398,Control
9234362,Control
4914648,Control
9909088,Control
1083793,Control
7353336,Control
6420672,Control
762966,Control
4634966,Control
5504850,Control
6357156,Control
1966484,Control
4839980,Control
81976,Control
3945735,Control
6760634,Control
6550982,Control
9127572,Control
6974352,Control
5954855,Control
967521,Control
6262383,Control
8616749,Control
2833057,Control
3118638,Control
9789056,Control
3192979,Control
3111271,Control
3514358,Control
4781303,Control
8175830,Control
8671655,Control
2367084,Control
5952269,Control
6214215,Control
6172425,Control
6357574,Control
3531612,Control
4630887,Control
8033419,Control
5386814,Control
7462324,Control
6018602,Control
6189050,Control
1135759,Control
6994813,Control
1166023,Control
1605344,Control
3344649,Control
1967307,Control
7920868,Control
9019969,Control
549182,Control
9342781,Control
6863814,Control
7111189,Control
6552832,Control
9246780,Control
4218860,Control
8298599,Control
3149079,Control
5979445,Control
2024619,Control
8789247,Control
1677411,Control
6051233,Control
221558,Control
1949195,Control
9829001,Control
7483235,Control
6064573,Control
2006271,Control
2877157,Control
2995845,Control
9198239,Control
2380192,Control
5089420,Control
1870765,Control
7898130,Control
9738828,Control
984330,Control
1808273,Control
3073945,Control
548398,Control
3743973,Control
4414216,Control
1417290,Control
9544592,Control
5632368,Control
3847466,Control
5124906,Control
9377390,Control
4237467,Control
9846764,Control
5120135,Control
6275855,Control
5524463,Control
3253291,Control
7284633,Control
1112588,Control
9273581,Control
5145108,Control
2299456,Control
5541105,Control
8698833,Control
2506177,Control
1014319,Control
1778797,Control
5048059,Control
5794562,Control
2184029,Control
6269249,Control
1315310,Control
6984985,Control
7722659,Control
7895961,Control
5086117,Control
8175591,Control
6137272,Control
7373147,Control
7825712,Control
9985127,Control
3696125,Control
812425,Control
210473,Control
8711523,Control
7163998,Control
6112859,Control
129659,Control
7549818,Control
7293345,Control
4397589,Control
6230467,Control
5357103,Control
9671222,Control
7657713,Control
5800090,Control
3458242,Control
7486423,Control
4955622,Control
9660581,Control
3471892,Control
760258,Control
8412814,Control
3278440,Control
2231000,Control
5124630,Control
7813416,Control
4327419,Control
6022266,Control
9851949,Control
9587164,Control
1898889,Control
5588923,Control
4900613,Control
5387183,Control
1066132,Control
7421715,Control
68963,Control
1200235,Control
2023072,Control
1706593,Control
3176218,Control
4821941,Control
2029059,Control
8608653,Control
6568950,Control
9774602,Control
3921085,Control
6974740,Control
8706027,Control
4034386,Control
5253914,Control
3502276,Control
5856930,Control
2079465,Control
1554200,Control
549987,Control
6601679,Control
6962372,Control
2255932,Control
616094,Control
5460698,Control
8109588,Control
6278960,Control
1719270,Control
7904644,Control
1255433,Control
6455281,Control
4971695,Control
2155956,Control
8966674,Control
7952166,Control
2900085,Control
5477656,Control
4694711,Control
8922772,Control
2167470,Control
2831475,Control
5182613,Control
9105207,Control
9172571,Control
4852798,Control
5859375,Control
1147875,Control
957273,Control
254266,Control
8877862,Control
2033133,Control
9058289,Control
2575418,Control
7348372,Control
602041,Control
3693854,Control
2660140,Control
2346854,Control
3081214,Control
8544035,Control
5904145,Control
598508,Control
3399048,Control
3634758,Control
2523528,Control
8847444,Control
3537052,Control
5399082,Control
6944373,Control
6110105,Control
3549882,Control
251242,Control
5800167,Control
5229511,Control
8556804,Control
2510672,Control
2062588,Control
5728402,Control
7655478,Control
3841361,Control
3216928,Control
5106413,Control
4569442,Control
2599844,Control
3617305,Control
5226745,Control
6219218,Control
8907499,Control
1038609,Control
7645447,Control
4515670,Control
7724739,Control
7336628,Control
8771993,Control
8471108,Control
7736447,Control
8152690,Control
4023916,Control
9244192,Control
2934470,Control
6374667,Control
655546,Control
170660,Control
4701664,Control
9881395,Control
6277287,Control
193613,Control
9097207,Control
6980026,Control
793199,Control
298925,Control
38685,Control
2980183,Control
1252784,Control
5714962,Control
3188840,Control
8931606,Control
7111680,Control
3019910,Control
4250732,Control
582438,Control
8498312,Control
1777437,Control
7621250,Control
1699889,Control
4252494,Control
8934566,Control
3678302,Control
3992883,Control
5413860,Control
1625605,Control
5715005,Control
2185465,Control
4117506,Control
3919298,Control
1558079,Control
4170203,Control
3818006,Control
5454195,Control
6630292,Control
4404696,Control
9402268,Control
1494192,Control
8507003,Control
9382804,Control
6383242,Control
534616,Control
7805129,Control
4261082,Control
1255355,Control
2773493,Control
9226597,Control
6055251,Control
4682082,Control
4641084,Control
5771521,Control
3294285,Control
1777512,Control
2859751,Control
2235638,Control
1420048,Control
9059192,Control
7431159,Control
1231418,Control
3342556,Control
6421589,Control
1504275,Control
1168766,Control
3750753,Control
2561114,Control
5321764,Control
3145820,Control
8382501,Control
3154378,Control
5723120,Control
1655558,Control
2811586,Control
6488804,Control
6464132,Control
3328033,Control
8124490,Control
6717040,Control
7626144,Control
8498492,Control
8270441,Control
9659419,Control
998429,Control
7302165,Control
7159582,Control
9274697,Control
5657741,Control
5973424,Control
771114,Control
126893,Control
3189730,Control
1570493,Control
980630,Control
3120499,Control
5599398,Control
9788789,Control
8449016,Control
3703524,Control
6739359,Control
6662820,Control
2254952,Control
3004695,Control
9814150,Control
6968403,Control
2225588,Control
2495471,Control
5471281,Control
5740977,Control
7132128,Control
5890536,Control
595922,Control
4989657,Control
305018,Control
3084575,Control
2541134,Control
8482048,Control
1278647,Control
2761743,Control
3841270,Control
8319901,Control
321188,Control
4909817,Control
2441457,Control
3403556,Control
1869021,Control
5746657,Control
9173347,Control
5857593,Control
6243234,Control
3896969,Control
7382665,Control
3680798,Control
5023973,Control
2570342,Control
9303153,Control
9651254,Control
5212851,Control
241571,Control
550099,Control
4844940,Control
2552287,Control
8286068,Control
8067207,Control
524510,Control
6001061,Control
2525455,Control
8871492,Control
960361,Control
5619936,Control
6937048,Control
584752,Control
9341224,Control
8623986,Control
3729673,Control
879684,Control
4861087,Control
3611642,Control
4655823,Control
4261135,Control
4612060,Control
9243610,Control
2897282,Control
926697,Control
3948349,Control
9761433,Control
7191234,Control
2261493,Control
368473,Control
5518822,Control
7137763,Control
5493851,Control
3118099,Control
7422572,Control
2528628,Control
2992803,Control
7344407,Control
5776661,Control
4451425,Control
7475365,Control
4468051,Control
6075960,Control
5654979,Control
4623367,Control
7260625,Control
840838,Control
8801947,Control
8081733,Control
6368506,Control
9886872,Control
2263474,Control
5893578,Control
608403,Control
9206933,Control
8173337,Control
8955423,Control
3492371,Control
134207,Control
2578270,Control
4558798,Control
112128,Control
1350692,Control
3093212,Control
5253683,Control
1321246,Control
8621740,Control
8477487,Control
6955234,Control
2630731,Control
6234376,Control
79571,Control
6639204,Control
1404434,Control
884588,Control
5384379,Control
4848740,Control
3406078,Control
5493415,Control
5089510,Control
2278798,Control
2008196,Control
9452833,Control
8982802,Control
602792,Control
3018537,Control
6759344,Control
8521482,Control
5156595,Control
1678226,Control
2308881,Control
4443580,Control
6934348,Control
5369289,Control
2606853,Control
5553633,Control
1726121,Control
2834848,Control
3491788,Control
3281711,Control
4470823,Control
6980657,Control
6426887,Control
545887,Control
7927686,Control
7311742,Control
6130691,Control
2380229,Control
5510998,Control
3141851,Control
3591357,Control
3797928,Control
7305811,Control
357945,Control
4344699,Control
6365485,Control
515862,Control
5056977,Control
358176,Control
2771409,Control
9857108,Control
8168445,Control
6525521,Control
771234,Control
851894,Control
413583,Control
3361646,Control
9903655,Control
9553954,Control
8779253,Control
3999004,Control
4317222,Control
6312740,Control
7749406,Control
1823844,Control
3267869,Control
5926428,Control
5677350,Control
3210373,Control
4870498,Control
550972,Control
6497909,Control
7550662,Control
3436512,Control
3014147,Control
9793340,Control
1055796,Control
5691391,Control
1555223,Control
5117848,Control
7815864,Control
5238437,Control
5476772,Control
1516160,Control
293841,Control
8585529,Control
5755875,Control
1168552,Control
986882,Control
2609599,Control
2890508,Control
1183489,Control
7118661,Control
9574514,Control
9108723,Control
423183,Control
8798725,Control
3568941,Control
471388,Control
2406259,Control
1429449,Control
4165625,Control
5079756,Control
2238081,Control
9045550,Control
1874782,Control
8252250,Control
8744291,Control
1897060,Control
1906444,Control
1648441,Control
6967120,Control
8422671,Control
8302067,Control
5509830,Control
5626200,Control
6785076,Control
2478508,Control
5740925,Control
6902415,Control
510941,Control
2471147,Control
1782307,Control
2523858,Control
375831,Control
1115570,Control
3115857,Control
9677140,Control
525401,Control
437780,Control
4059897,Control
4066795,Control
6347873,Control
1671477,Control
2338427,Control
7839492,Control
3252218,Control
5959013,Control
9553937,Control
4430317,Control
5588219,Control
1822632,Control
4785398,Control
7267276,Control
3465286,Control
950296,Control
3248832,Control
2722104,Control
3919884,Control
5777101,Control
7898751,Control
8850307,Control
4218088,Control
7189473,Control
8240915,Control
4800788,Control
5531315,Control
5532596,Control
395814,Control
8245307,Control
3517942,Control
6281570,Control
4746179,Control
2164174,Control
559435,Control
3454901,Control
2329275,Control
1053249,Control
7052143,Control
2433237,Control
9117889,Control
6993533,Control
875936,Control
6737681,Control
1798507,Control
7843744,Control
3453864,Control
1053587,Control
2397900,Control
9691282,Control
8924782,Control
1437753,Control
9571177,Control
4417681,Control
6348223,Control
8656707,Control
2188972,Control
7489736,Control
5523096,Control
6326243,Control
2348840,Control
7645026,Control
2529445,Control
890263,Control
2328321,Control
5687926,Control
7746054,Control
648162,Control
6587114,Control
7744382,Control
583570,Control
1878553,Control
3250936,Control
6580700,Control
5814124,Control
859795,Control
8402778,Control
5378150,Control
7468112,Control
2180091,Control
9477401,Control
965804,Control
9525559,Control
5258328,Control
3329079,Control
1050966,Control
5374819,Control
5076704,Control
2653016,Control
3483144,Control
9298375,Control
6522381,Control
1551335,Control
7038812,Control
471520,Control
8432508,Control
2648419,Control
8516632,Control
2937783,Control
1905757,Control
7638825,Control
7241463,Control
7584263,Control
3194893,Control
6024105,Control
6752369,Control
6541007,Control
3983001,Control
3884377,Control
411480,Control
2610145,Control
8187908,Control
9794185,Control
6885624,Control
507874,Control
9820853,Control
7010070,Control
7656460,Control
1804591,Control
2537933,Control
6248719,Control
6360074,Control
2738051,Control
5592504,Control
8402332,Control
3051398,Control
3138887,Control
1156122,Control
1709650,Control
5449329,Control
2911975,Control
4179251,Control
9895197,Control
4424945,Control
5388250,Control
8796122,Control
2116261,Control
9818694,Control
7465057,Control
7390059,Control
4597626,Control
9335749,Control
6701318,Control
9847730,Control
4589092,Control
763889,Control
2790105,Control
6792849,Control
6162817,Control
1701567,Control
5511315,Control
3166534,Control
3564822,Control
236486,Control
9937743,Control
3813623,Control
1200335,Control
9239505,Control
1999245,Control
1398387,Control
9729392,Control
6533602,Control
6192776,Control
7619625,Control
3906864,Control
5073934,Control
7637517,Control
7453339,Control
8850214,Control
6032775,Control
4029417,Control
8505098,Control
3053786,Control
2045369,Control
2392397,Control
9796963,Control
4259292,Control
7412988,Control
8419270,Control
5928209,Control
9695299,Control
2970740,Control
7102674,Control
1822468,Control
6809855,Control
6558358,Control
9560411,Control
4243421,Control
4386154,Control
6213562,Control
7960094,Control
9475245,Control
6586221,Control
8681507,Control
1031601,Control
3438431,Control
3975699,Control
5617415,Control
6987490,Control
1768221,Control
3646203,Control
1811650,Control
1939709,Control
4659983,Control
7396638,Control
1000353,Control
5668076,Control
377914,Control
4089089,Control
3799645,Control
7266587,Control
3460226,Control
8940555,Control
5291077,Control
9329665,Control
8030926,Control
7720386,Control
1524426,Control
7001756,Control
5172392,Control
3900521,Control
3935621,Control
7913206,Control
9627124,Control
7422979,Control
335389,Control
9027736,Control
3479816,Control
1063936,Control
7390054,Control
7367110,Control
8031992,Control
4843060,Control
2234265,Control
5499193,Control
9601587,Control
3078866,Control
5251053,Control
495317,Control
2275192,Control
8106540,Control
4645791,Control
4071459,Control
1406173,Control
6588578,Control
675967,Control
4971662,Control
328027,Control
9107385,Control
7091374,Control
4316236,Control
5729161,Control
5811961,Control
2904153,Control
596540,Control
7467558,Control
3077364,Control
11070,Control
6135653,Control
9864147,Control
5978473,Control
5429906,Control
6219019,Control
6279949,Control
1154618,Control
7417841,Control
3659186,Control
3509934,Control
3745583,Control
2968638,Control
2084978,Control
2558937,Control
3961852,Control
9872215,Control
5268495,Control
4709008,Control
491620,Control
8830525,Control
6108945,Control
2289242,Control
1190476,Control
6765412,Control
3942363,Control
9099836,Control
4265125,Control
8526067,Control
6953366,Control
2619494,Control
4920080,Control
3438860,Control
1724834,Control
273872,Control
3043924,Control
9377551,Control
4247153,Control
7372308,Control
8937638,Control
5886350,Control
2288604,Control
808964,Control
3179756,Control
8496841,Control
5260045,Control
1013661,Control
8165778,Control
105360,Control
8739731,Control
1774638,Control
19813,Control
5844624,Control
9527937,Control
1684561,Control
8282471,Control
6526022,Control
1882953,Control
7294986,Control
1255080,Control
5575575,Control
8744167,Control
3906199,Control
5219815,Control
9468676,Control
6147316,Control
609294,Control
8347961,Control
6660610,Control
5627269,Control
3513949,Control
9895603,Control
7303563,Control
6786297,Control
1643533,Control
487901,Control
5861027,Control
4055142,Control
2846662,Control
7279868,Control
2839064,Control
2420728,Control
6338549,Control
6730766,Control
9764903,Control
7760745,Control
8749393,Control
3478270,Control
9768948,Control
3850270,Control
2901829,Control
6156275,Control
2269867,Control
8717563,Control
5602726,Control
3476151,Control
9928734,Control
8979331,Control
7285965,Control
2122736,Control
8824624,Control
761720,Control
7048091,Control
3469106,Control
9099065,Control
1447181,Control
9405545,Control
4847216,Control
9541086,Control
1300037,Control
7390161,Control
6455955,Control
2106701,Control
8381696,Control
2294786,Control
9679510,Control
4329155,Control
358827,Control
299462,Control
8941360,Control
5581979,Control
9606483,Control
3840969,Control
1617138,Control
8663390,Control
3610949,Control
6329415,Control
8087799,Control
639427,Control
3520139,Control
959030,Control
8072956,Control
3497347,Control
9545231,Control
4726433,Control
1490809,Control
5853771,Control
7449128,Control
8948796,Control
407146,Control
5157060,Control
6640815,Control
1190550,Control
5473440,Control
8343009,Control
9838918,Control
9203650,Control
3722419,Control
5327925,Control
633752,Control
7827311,Control
9292913,Control
7622779,Control
2618496,Control
2474358,Control
7225777,Control
6626778,Control
3239922,Control
7438065,Control
6694931,Control
4130347,Control
985843,Control
1130281,Control
2581969,Control
5527037,Control
2867628,Control
8061414,Control
5673133,Control
2052549,Control
2098270,Control
4027064,Control
8551738,Control
4634126,Control
2778428,Control
2531408,Control
4938573,Control
5098915,Control
4591425,Control
4143564,Control
9215294,Control
1470498,Control
9097791,Control
4120456,Control
3430885,Control
9665524,Control
5189229,Control
7483773,Control
7077187,Control
1175845,Control
351374,Control
2071719,Control
1990675,Control
9237882,Control
2068284,Control
6642857,Control
4621231,Control
1677096,Control
2041645,Control
5389547,Control
3461116,Control
8337216,Control
4862930,Control
1020634,Control
1938930,Control
6615925,Control
8109162,Control
6244684,Control
3362725,Control
9059154,Control
4691653,Control
4024471,Control
7033750,Control
3125058,Control
1184633,Control
4842155,Control
1759759,Control
7897592,Control
4606906,Control
8147545,Control
7207475,Control
7485900,Control
9661591,Control
4502765,Control
6498519,Control
134582,Control
1658480,Control
8313701,Control
5192875,Control
3395797,Control
1729262,Control
9669723,Control
2226543,Control
2235419,Control
3161851,Control
170895,Control
9709654,Control
1473602,Control
8892030,Control
5541811,Control
8142514,Control
8466654,Control
5033441,Control
8074391,Control
62503,Control
9110901,Control
100503,Control
2678115,Control
7632016,Control
4027554,Control
7645183,Control
4197158,Control
4385567,Control
9871658,Control
2223198,Control
5274513,Control
3728524,Control
4881301,Control
9694706,Control
2053769,Control
8077984,Control
9625688,Control
1711042,Control
6317673,Control
9118633,Control
249743,Control
8249435,Control
9020569,Control
2821740,Control
7890172,Control
9272837,Control
3100272,Control
8961128,Control
8483497,Control
6727202,Control
8972168,Control
4098999,Control
2285566,Control
5975067,Control
5192072,Control
6738439,Control
2654796,Control
8550982,Control
9071323,Control
9980662,Control
838653,Control
5789085,Control
3990344,Control
6244625,Control
1871802,Control
8531745,Control
7959414,Control
5166938,Control
2697914,Control
8776236,Control
979440,Control
5472852,Control
9441095,Control
4931597,Control
8409377,Control
3174171,Control
6423163,Control
3347429,Control
1595181,Control
2894620,Control
8153325,Control
2978729,Control
1537156,Control
1555059,Control
5729982,Control
4556322,Control
2621516,Control
4885417,Control
2240373,Control
6059573,Control
3352008,Control
7192445,Control
7265931,Control
4511213,Control
8175549,Control
3663863,Control
9591007,Control
146317,Control
3752193,Control
8117599,Control
965885,Control
3336510,Control
8593839,Control
341429,Control
6051109,Control
2148448,Control
5573900,Control
6132708,Control
8841792,Control
8420398,Control
7764814,Control
5783222,Control
3386441,Control
8699267,Control
1860491,Control
3118617,Control
2428939,Control
1397788,Control
6001141,Control
3945051,Control
8366776,Control
760441,Control
6903843,Control
4720500,Control
2190540,Control
7454631,Control
6791528,Control
3072474,Control
7467039,Control
3270955,Control
6645680,Control
1671784,Control
8929415,Control
2473975,Control
9169430,Control
9336181,Control
4256779,Control
7521788,Control
262591,Control
1963936,Control
1029986,Control
3603721,Control
159823,Control
7544412,Control
5520576,Control
1880525,Control
728530,Control
4244199,Control
1566447,Control
599938,Control
6374988,Control
7666218,Control
6661503,Control
1424045,Control
828088,Control
4700777,Control
2316460,Control
8864500,Control
2281108,Control
1585645,Control
4308154,Control
3843503,Control
3573589,Control
7020198,Control
4308315,Control
6428262,Control
1327977,Control
3826483,Control
507390,Control
2826163,Control
3570952,Control
8167904,Control
8138782,Control
1932668,Control
1351522,Control
7725674,Control
3524846,Control
7465348,Control
397404,Control
9197952,Control
525332,Control
1016171,Control
2622567,Control
2942468,Control
6690559,Control
6386118,Control
4559108,Control
3954818,Control
1344028,Control
1073670,Control
6649939,Control
4840203,Control
3032996,Control
1858354,Control
5976977,Control
6731223,Control
1564585,Control
3637573,Control
6754267,Control
3148379,Control
4026832,Control
9698005,Control
9273414,Control
1020761,Control
7247254,Control
7707431,Control
2011573,Control
7574606,Control
1276083,Control
3526450,Control
4134674,Control
3929399,Control
8254183,Control
971597,Control
9466238,Control
1302101,Control
6067170,Control
1507780,Control
7421173,Control
8713138,Control
3397019,Control
9117740,Control
4122934,Control
3775552,Control
5621347,Control
1159317,Control
1752252,Control
2448827,Control
385623,Control
6153402,Control
4934669,Control
6001708,Control
5440417,Control
1930353,Control
2726407,Control
8607096,Control
2741861,Control
4036239,Control
1146699,Control
4535115,Control
7944759,Control
2717799,Control
658038,Control
9522933,Control
7665420,Control
8042143,Control
537221,Control
9349923,Control
5445197,Control
4249811,Control
8650080,Control
5349616,Control
2967584,Control
1346780,Control
2889621,Control
4249316,Control
3212441,Control
6768605,Control
8422214,Control
3248763,Control
2476400,Control
2252096,Control
3681755,Control
7093835,Control
2537621,Control
5626616,Control
1506959,Control
8827248,Control
356581,Control
4249501,Control
6197016,Control
2864415,Control
4250169,Control
4124925,Control
4975807,Control
9244582,Control
4016886,Control
3266908,Control
7395993,Control
9978038,Control
5023369,Control
2193176,Control
1397460,Control
2700516,Control
2968779,Control
2243835,Control
3387123,Control
2183091,Control
5508030,Control
2374934,Control
5421958,Control
1030203,Control
6104930,Control
3000609,Control
9192446,Control
6681904,Control
9924300,Control
4585362,Control
8355928,Control
5919500,Control
8431359,Control
9989642,Control
6529790,Control
2623148,Control
1393303,Control
3302147,Control
3959195,Control
8048955,Control
5710023,Control
7038248,Control
5761217,Control
7992942,Control
5049612,Control
9377571,Control
3206768,Control
3493434,Control
409953,Control
225103,Control
9488613,Control
7478940,Control
7248158,Control
7752227,Control
6440568,Control
5384737,Control
7248474,Control
2220892,Control
3302512,Control
8035493,Control
9005693,Control
3887543,Control
9519936,Control
2638520,Control
1565743,Control
2526374,Control
342333,Control
4339267,Control
3385751,Control
4998932,Control
1892952,Control
7859178,Control
3774756,Control
2487945,Control
5215138,Control
2312949,Control
6058305,Control
7458635,Control
1786877,Control
3132076,Control
9710174,Control
6977,Control
1909923,Control
8918882,Control
3815964,Control
8991607,Control
1979816,Control
8678783,Control
1918630,Control
7158443,Control
5988856,Control
3647758,Control
8018733,Control
5598564,Control
8919323,Control
9956593,Control
9360276,Control
1049809,Control
50271,Control
1620429,Control
3059947,Control
4778938,Control
402019,Control
5812724,Control
832777,Control
3422908,Control
3217714,Control
9262601,Control
5574967,Control
6288323,Control
8972482,Control
3018943,Control
3370229,Control
7700858,Control
2567834,Control
8346565,Control
9309575,Control
9664057,Control
6898714,Control
5864969,Control
1466732,Control
656935,Control
6226106,Control
9266785,Control
9795301,Control
1689310,Control
47933,Control
5074282,Control
1495689,Control
6279829,Control
2055445,Control
2338216,Control
1948870,Control
4000639,Control
678792,Control
7880177,Control
5050830,Control
5980792,Control
7699531,Control
9717875,Control
4766428,Control
7610751,Control
3298248,Control
2848798,Control
8209656,Control
8455971,Control
3773614,Control
883350,Control
5916139,Control
5247593,Control
1364549,Control
7584428,Control
4799982,Control
8311089,Control
5058514,Control
3419139,Control
3685926,Control
4350661,Control
78917,Control
4872110,Control
8096768,Control
4512238,Control
7651296,Control
3654308,Control
653513,Control
7935784,Control
7387776,Control
9554182,Control
5272209,Control
6021910,Control
7078031,Control
3498846,Control
5269746,Control
8381127,Control
1064246,Control
2015570,Control
2048565,Control
8597361,Control
827472,Control
9881868,Control
1318988,Control
4570615,Control
609351,Control
2284215,Control
503070,Control
2787049,Control
2269601,Control
7167985,Control
8533714,Control
5688264,Control
2836509,Control
9784052,Control
8210027,Control
728887,Control
8989552,Control
8957750,Control
9661207,Control
3780735,Control
8809906,Control
8807809,Control
5659775,Control
9305842,Control
8072513,Control
5897806,Control
5732702,Control
5666935,Control
9895888,Control
6816658,Control
4960936,Control
1241532,Control
1659643,Control
9190472,Control
3341851,Control
9412140,Control
6177495,Control
1146189,Control
7427791,Control
7907204,Control
9878904,Control
7079268,Control
2774213,Control
277251,Control
7778106,Control
2740227,Control
8187143,Control
1760972,Control
7570145,Control
8093368,Control
3276921,Control
8530290,Control
302202,Control
4508836,Control
8804120,Control
1162535,Control
7368217,Control
9382040,Control
3798962,Control
5391356,Control
390511,Control
4885697,Control
4691601,Control
841486,Control
2533612,Control
1250886,Control
1891305,Control
5449926,Control
3323343,Control
1742239,Control
7254258,Control
4861885,Control
6110525,Control
8245214,Control
7685319,Control
9915602,Control
7859805,Control
9445598,Control
7695672,Control
2983687,Control
732703,Control
3839635,Control
8691545,Control
6197898,Control
6005427,Control
8053780,Control
7187447,Control
9244581,Control
6650238,Control
9346486,Control
2709693,Control
9820543,Control
5429742,Control
6227290,Control
2406074,Control
4801845,Control
2915887,Control
7469877,Control
8800426,Control
4628926,Control
7695417,Control
3210401,Control
1443967,Control
353658,Control
1601079,Control
559394,Control
7497398,Control
8313768,Control
7020952,Control
7687196,Control
7423231,Control
3240261,Control
1366806,Control
317043,Control
4563768,Control
85515,Control
659594,Control
707340,Control
2292333,Control
2849164,Control
2023345,Control
7146551,Control
2840610,Control
8722384,Control
9044013,Control
2669177,Control
4830541,Control
3649658,Control
8158004,Control
8549146,Control
1304282,Control
8730454,Control
7005543,Control
8400512,Control
843403,Control
769765,Control
1245799,Control
7605728,Control
2476260,Control
3479493,Control
9088935,Control
1909564,Control
8970209,Control
7563117,Control
3553373,Control
5734970,Control
5418190,Control
4935419,Control
5425029,Control
4307797,Control
4105875,Control
9261217,Control
1678122,Control
1283616,Control
4936729,Control
5049170,Control
9558971,Control
6099815,Control
3070720,Control
5516768,Control
3449739,Control
7833317,Control
149593,Control
1837851,Control
790935,Control
1045632,Control
7755452,Control
823501,Control
7607296,Control
8976119,Control
9612039,Control
8239508,Control
9128493,Control
9360100,Control
2555492,Control
956460,Control
2619562,Control
5701128,Control
4825433,Control
9935772,Control
2724633,Control
2037181,Control
2511371,Control
4964111,Control
845163,Control
7037641,Control
8104276,Control
1353393,Control
3924155,Control
7166032,Control
2296594,Control
975772,Control
1263818,Control
424267,Control
3994773,Control
2982738,Control
2782008,Control
3433766,Control
8179513,Control
601954,Control
4395041,Control
3803958,Control
4238196,Control
1245225,Control
5279217,Control
3695352,Control
606032,Control
6953596,Control
6650453,Control
9546409,Control
5184711,Control
7372914,Control
9141367,Control
5115750,Control
8985041,Control
4424716,Control
9920068,Control
4567019,Control
7558828,Control
5356988,Control
5087066,Control
320499,Control
1423584,Control
9204296,Control
5952009,Control
3042494,Control
5701805,Control
5418992,Control
1574816,Control
9359596,Control
4632647,Control
5396631,Control
9573973,Control
2545371,Control
7415186,Control
9359715,Control
7094793,Control
8045890,Control
8908514,Control
9525223,Control
4607987,Control
4002069,Control
646758,Control
1499663,Control
9212543,Control
3738923,Control
6066332,Control
5187667,Control
2311614,Control
8751708,Control
9615182,Control
9138391,Control
893384,Control
1606396,Control
8385717,Control
3655678,Control
5798479,Control
3874051,Control
2907218,Control
2283151,Control
7570418,Control
4385791,Control
7825783,Control
807898,Control
8950736,Control
2169990,Control
9784155,Control
2032495,Control
8492504,Control
9581142,Control
8586252,Control
21353,Control
1414085,Control
9862831,Control
4926581,Control
3498441,Control
6559795,Control
8918860,Control
6660293,Control
6862376,Control
1500611,Control
5856474,Control
6284055,Control
7086173,Control
7348795,Control
7569020,Control
1542807,Control
9299735,Control
8669314,Control
5017428,Control
1921266,Control
5211908,Control
7552544,Control
2307904,Control
8156996,Control
6619275,Control
7711539,Control
8106405,Control
5191587,Control
7776888,Control
2711126,Control
4722638,Control
2453264,Control
5253517,Control
4273386,Control
4512887,Control
4522971,Control
6972161,Control
6675974,Control
3624120,Control
3931823,Control
9574629,Control
1613887,Control
3264966,Control
9429325,Control
2814060,Control
9112859,Control
2997774,Control
4521176,Control
6494495,Control
7702962,Control
5647851,Control
4867026,Control
7403377,Control
5920964,Control
9428509,Control
6568346,Control
8689959,Control
9288691,Control
5789598,Control
6036578,Control
8091770,Control
9830562,Control
9329051,Control
9912944,Control
1627521,Control
5801058,Control
2405156,Control
8463143,Control
8468092,Control
104884,Control
5494232,Control
2906027,Control
5195254,Control
949880,Control
3169738,Control
184211,Control
6012255,Control
3502601,Control
978612,Control
7130735,Control
2012634,Control
5855902,Control
7105739,Control
6217227,Control
7525168,Control
4847732,Control
7655415,Control
2138300,Control
5436477,Control
3577478,Control
1346422,Control
9451964,Control
5663301,Control
2155691,Control
8404071,Control
9418418,Control
7386580,Control
2920044,Control
5125050,Control
4590842,Control
1018307,Control
3774848,Control
7028952,Control
3500632,Control
5250877,Control
5382083,Control
2189393,Control
2334273,Control
5927852,Control
6061926,Control
7216614,Control
4442699,Control
3831041,Control
217500,Control
9789519,Control
8599689,Control
8460327,Control
8666191,Control
1149636,Control
2063428,Control
2142404,Control
2781124,Control
8359032,Control
2132534,Control
2365348,Control
7516259,Control
614307,Control
1567815,Control
9939889,Control
8120861,Control
8711093,Control
9849989,Control
299523,Control
5944118,Control
1504422,Control
7226397,Control
7159995,Control
6137907,Control
4781233,Control
2515513,Control
6031368,Control
3351045,Control
2916890,Control
2242363,Control
2177579,Control
7214648,Control
7431514,Control
2575645,Control
590547,Control
6920944,Control
4458210,Control
1846630,Control
8201889,Control
7389407,Control
1786005,Control
3205643,Control
250763,Control
6163403,Control
7590004,Control
9046009,Control
6949145,Control
2577121,Control
9605796,Control
5132280,Control
6640295,Control
588836,Control
338896,Control
2654807,Control
5353248,Control
3588397,Control
9162908,Control
310380,Control
506333,Control
1328022,Control
8043075,Control
525348,Control
3255767,Control
8438553,Control
6582979,Control
866712,Control
3760660,Control
8381763,Control
2353745,Control
426756,Control
4224816,Control
3401687,Control
9016178,Control
1332173,Control
2601028,Control
4079649,Control
7485852,Control
6017155,Control
8331994,Control
5048441,Control
5402582,Control
7953362,Control
7949443,Control
3826744,Control
2439828,Control
7305195,Control
2279817,Control
3371006,Control
7802782,Control
3569925,Control
3344583,Control
8060688,Control
4190442,Control
2879347,Control
482346,Control
8035978,Control
1813966,Control
8348036,Control
4033061,Control
6612679,Control
2382972,Control
6171995,Control
7122737,Control
5282949,Control
4745827,Control
2291205,Control
4861157,Control
5305264,Control
1798725,Control
5378456,Control
7106363,Control
4257470,Control
4447050,Control
6900662,Control
7893320,Control
6202761,Control
9444871,Control
3035283,Control
5096180,Control
8722595,Control
1506138,Control
664466,Control
7654274,Control
3574383,Control
8235640,Control
165301,Control
3327085,Control
5127750,Control
809835,Control
3796973,Control
703403,Control
9557232,Control
8509527,Control
3638678,Control
144169,Control
7282833,Control
6306692,Control
6043294,Control
7990535,Control
4304328,Control
3430468,Control
695350,Control
7392799,Control
8062855,Control
5531736,Control
1064795,Control
2634295,Control
7962192,Control
6338480,Control
6013275,Control
5748636,Control
9610974,Control
6765501,Control
882086,Control
8506529,Control
2169938,Control
1814147,Control
6389700,Control
230492,Control
6461504,Control
9771197,Control
7009824,Control
1742491,Control
2305789,Control
794595,Control
4249720,Control
8029833,Control
7235072,Control
5703783,Control
6489602,Control
8966527,Control
6796240,Control
4847964,Control
9826220,Control
2666114,Control
2052733,Control
3624125,Control
7367037,Control
1730224,Control
4627033,Control
7595293,Control
5215496,Control
8750952,Control
2202822,Control
1580013,Control
7851919,Control
5753581,Control
8255200,Control
3928076,Control
8224799,Control
2273603,Control
3023031,Control
7517412,Control
7246035,Control
8836730,Control
9738273,Control
5171196,Control
590336,Control
6729297,Control
3897933,Control
9130823,Control
3434100,Control
3560967,Control
6646605,Control
4413573,Control
197955,Control
292662,Control
1566028,Control
1835630,Control
9517540,Control
4606072,Control
4151322,Control
4669241,Control
3934629,Control
3922691,Control
5806372,Control
2708685,Control
1110805,Control
1192394,Control
8527826,Control
5332058,Control
9972747,Control
8067026,Control
9436513,Control
8304087,Control
709919,Control
6577234,Control
644423,Control
5963880,Control
2230745,Control
9814273,Control
708289,Control
8592146,Control
1018270,Control
3225099,Control
3930546,Control
6259148,Control
3872272,Control
7305657,Control
8229929,Control
3161828,Control
4008625,Control
8315555,Control
6358660,Control
4487878,Control
7762867,Control
685080,Control
3392152,Control
824914,Control
786785,Control
8115034,Control
2194434,Control
4847719,Control
7559891,Control
3135230,Control
9263440,Control
6974095,Control
2877612,Control
114566,Control
7402828,Control
7487434,Control
4815206,Control
813507,Control
5732397,Control
6136374,Control
5715957,Control
4548780,Control
661527,Control
6624374,Control
1716372,Control
4247363,Control
6720861,Control
1133121,Control
9978138,Control
3393848,Control
3379469,Control
3293746,Control
4349341,Control
7476303,Control
8504603,Control
8971563,Control
9105369,Control
2773934,Control
6415605,Control
1429199,Control
4069267,Control
8127073,Control
5511899,Control
3886418,Control
5514901,Control
5186778,Control
3329726,Control
1327847,Control
3512229,Control
5921317,Control
4481832,Control
5284364,Control
4272860,Control
4899919,Control
7159239,Control
3340004,Control
5021309,Control
8990384,Control
1329020,Control
878432,Control
5020419,Control
7162304,Control
6821663,Control
9942064,Control
1612946,Control
2448097,Control
8933203,Control
2795142,Control
6338935,Control
7252695,Control
5999699,Control
1037251,Control
7396309,Control
1430088,Control
2305285,Control
9879012,Control
1123070,Control
5431838,Control
7537987,Control
3470710,Control
9131191,Control
1908819,Control
2408816,Control
5942043,Control
4502299,Control
5325969,Control
9342554,Control
6724797,Control
2177404,Control
6719426,Control
7240649,Control
8110389,Control
6680266,Control
9702685,Control
1184798,Control
5893434,Control
8714366,Control
463030,Control
3075744,Control
9015286,Control
4828235,Control
3376442,Control
5125518,Control
6447601,Control
5596278,Control
2297738,Control
4653174,Control
5396029,Control
8703833,Control
6545703,Control
1186,Control
1538758,Control
382734,Control
3877234,Control
1146708,Control
6556384,Control
7816862,Control
8116430,Control
2494024,Control
7582539,Control
1170944,Control
1576322,Control
6041814,Control
320786,Control
2495460,Control
9081241,Control
1997445,Control
1558312,Control
4288178,Control
220644,Control
7051206,Control
4490765,Control
2125802,Control
1328295,Control
5344146,Control
5515403,Control
3797123,Control
293500,Control
9180822,Control
1724346,Control
3049212,Control
7262069,Control
9162012,Control
7917082,Control
5104594,Control
4602206,Control
2270478,Control
3762736,Control
7723861,Control
4567305,Control
5492993,Control
3364689,Control
1238919,Control
2863539,Control
7259678,Control
1623042,Control
7814414,Control
2453740,Control
8742930,Control
7350141,Control
9827824,Control
4768430,Control
2549206,Control
9944818,Control
3957748,Control
4666670,Control
4718349,Control
4108799,Control
960156,Control
5760138,Control
6669699,Control
4807195,Control
9313090,Control
3299611,Control
6086964,Control
6643533,Control
8804680,Control
8338341,Control
3016851,Control
8939905,Control
5385544,Control
2107979,Control
3706299,Control
330666,Control
7554258,Control
2495191,Control
8765364,Control
8813088,Control
7710564,Control
2225257,Control
7762554,Control
7461510,Control
3985779,Control
5497143,Control
4888904,Control
2589507,Control
4038025,Control
5937233,Control
7177558,Control
1024113,Control
2473510,Control
7664820,Control
3478433,Control
6341014,Control
7201739,Control
4656632,Control
610652,Control
7972813,Control
7383591,Control
3750586,Control
3663796,Control
242792,Control
3629373,Control
777737,Control
136237,Control
5492036,Control
8248069,Control
6876463,Control
2731088,Control
9552062,Control
5283474,Control
3969475,Control
1044073,Control
7650211,Control
830971,Control
5046467,Control
3326101,Control
1879059,Control
4952370,Control
821422,Control
2063057,Control
7518703,Control
9800940,Control
6571308,Control
3455284,Control
6020027,Control
2104284,Control
7414313,Control
3593503,Control
2895782,Control
5714624,Control
5956733,Control
3781114,Control
9105902,Control
1542714,Control
1351100,Control
5696531,Control
6534331,Control
9522546,Control
3412138,Control
8619345,Control
3536336,Control
4506609,Control
4974509,Control
5851331,Control
8158266,Control
6634554,Control
6937749,Control
6018395,Control
5718011,Control
2192714,Control
3101150,Control
4055202,Control
4786577,Control
9250552,Control
4327657,Control
2840579,Control
2523775,Control
3005754,Control
1175926,Control
2951320,Control
9152198,Control
3308211,Control
3884652,Control
5146488,Control
7620412,Control
5773922,Control
2776894,Control
7498356,Control
4267119,Control
5250051,Control
5097276,Control
9192991,Control
6933951,Control
6817531,Control
2006770,Control
2514553,Control
105007,Control
6503904,Control
7917674,Control
9158808,Control
6660916,Control
9867278,Control
9884321,Control
1001161,Control
2459082,Control
21242,Control
4724152,Control
2637292,Control
97723,Control
5297874,Control
626839,Control
8694329,Control
3790766,Control
1616090,Control
1397821,Control
2555803,Control
2439,Control
7043979,Control
6455842,Control
9241423,Control
5729629,Control
8248476,Control
128147,Control
2506696,Control
4367799,Control
6291449,Control
2279186,Control
2067617,Control
179076,Control
3786999,Control
6413910,Control
4364398,Control
2262081,Control
5515625,Control
9717596,Control
2070184,Control
5194754,Control
5036504,Control
6330362,Control
4364113,Control
1329260,Control
2297049,Control
125022,Control
897558,Control
2117103,Control
5079849,Control
5497086,Control
4843240,Control
4796579,Control
7886659,Control
5254812,Control
3038062,Control
8444177,Control
5553285,Control
2578871,Control
5753951,Control
6814109,Control
8375341,Control
7946939,Control
5202722,Control
2373602,Control
7270022,Control
8725303,Control
2779909,Control
6991295,Control
5636083,Control
2887559,Control
1871644,Control
587200,Control
1363757,Control
8956495,Control
5479458,Control
5824996,Control
4983457,Control
3190345,Control
8241885,Control
6928615,Control
8659902,Control
7022473,Control
4202044,Control
4253810,Control
6467227,Control
4799453,Control
8382128,Control
9798407,Control
9933766,Control
7810518,Control
4138511,Control
8023625,Control
1071368,Control
9900228,Control
2184714,Control
3823935,Control
2174882,Control
5862916,Control
8171782,Control
7245100,Control
4138900,Control
1837726,Control
2797546,Control
4117938,Control
8123281,Control
8602025,Control
8082495,Control
5925187,Control
2367065,Control
8310047,Control
1615051,Control
6935890,Control
7116054,Control
2569271,Control
8137724,Control
1832318,Control
4939035,Control
2019076,Control
2270316,Control
6578768,Control
6972057,Control
9617756,Control
1056689,Control
8533687,Control
6119952,Control
8957177,Control
799503,Control
3821765,Control
7530138,Control
8353250,Control
1585978,Control
7585765,Control
7362941,Control
8493240,Control
4243600,Control
5311333,Control
5221154,Control
2376505,Control
3571812,Control
2047867,Control
4986480,Control
1513890,Control
4690123,Control
550876,Control
2983073,Control
8678658,Control
8534657,Control
3054355,Control
7970922,Control
9708601,Control
1235981,Control
6374240,Control
1088213,Control
5216058,Control
3692616,Control
8765479,Control
86699,Control
3546780,Control
3852160,Control
7605451,Control
5410489,Control
3557663,Control
2008597,Control
9460036,Control
1334018,Control
8250645,Control
6955702,Control
9812859,Control
1526749,Control
9838295,Control
4179364,Control
2681354,Control
925305,Control
8581911,Control
1647068,Control
6061224,Control
7357410,Control
6610689,Control
3564176,Control
3885894,Control
7493843,Control
3485485,Control
6076090,Control
2512075,Control
4343404,Control
8387278,Control
2663002,Control
8299155,Control
7266624,Control
7394783,Control
410623,Control
3282524,Control
6298697,Control
7590837,Control
6785690,Control
3480162,Control
3035988,Control
4974225,Control
1998408,Control
6673351,Control
9292116,Control
9888151,Control
9191741,Control
6969835,Control
6885563,Control
6722169,Control
6063905,Control
4854924,Control
5769715,Control
4609139,Control
4548420,Control
6017862,Control
9872674,Control
7698179,Control
5699198,Control
4890920,Control
5082650,Control
2307211,Control
1390847,Control
4156023,Control
5180278,Control
1338852,Control
1284954,Control
1048239,Control
2898136,Control
8854982,Control
933538,Control
2819924,Control
8129727,Control
3231281,Control
1464469,Control
8424498,Control
4934628,Control
7277474,Control
5462579,Control
8470441,Control
9766963,Control
4537279,Control
7020386,Control
5585462,Control
4121100,Control
3114370,Control
2022026,Control
853541,Control
2473466,Control
225368,Control
5210864,Control
3219313,Control
94012,Control
3849568,Control
6163623,Control
8247035,Control
6554745,Control
7040441,Control
3557845,Control
111012,Control
4165138,Control
7831661,Control
7484102,Control
3469824,Control
58196,Control
4055969,Control
148445,Control
3254381,Control
2224332,Control
7129956,Control
4248517,Control
563689,Control
4016218,Control
6285002,Control
7588400,Control
9554603,Control
4142389,Control
1995384,Control
8163384,Control
3356633,Control
6908111,Control
4672784,Control
8815122,Control
6794107,Control
4238081,Control
7474741,Control
6155976,Control
4680436,Control
8817073,Control
9977902,Control
8111767,Control
6928516,Control
4541117,Control
9932773,Control
9669024,Control
9169205,Control
5234998,Control
7571855,Control
3479519,Control
8776274,Control
9415132,Control
5342509,Control
7687961,Control
8701546,Control
7903198,Control
2686820,Control
282393,Control
8318651,Control
9591893,Control
2554820,Control
2698324,Control
4183269,Control
2790712,Control
6137114,Control
5617630,Control
2990838,Control
1053696,Control
7885919,Control
9837067,Control
1919420,Control
1857094,Control
6776360,Control
19782,Control
3201254,Control
5782642,Control
1141272,Control
9669426,Control
5212996,Control
6535114,Control
3850989,Control
7928881,Control
12045,Control
200604,Control
7660455,Control
685685,Control
9797596,Control
8802686,Control
4665270,Control
6027048,Control
924916,Control
8788431,Control
6579110,Control
6156458,Control
4166764,Control
83158,Control
7484550,Control
5435160,Control
4625653,Control
8212601,Control
6954524,Control
8315340,Control
7425225,Control
9610283,Control
7900295,Control
7705474,Control
696176,Control
471506,Control
6136568,Control
8389879,Control
6567784,Control
9035983,Control
4540939,Control
3026128,Control
160085,Control
4849181,Control
4926172,Control
8947191,Control
5908286,Control
9331303,Control
9943749,Control
7158193,Control
3014779,Control
8456534,Control
5468082,Control
8497791,Control
9784687,Control
6055231,Control
5932527,Control
5234070,Control
2121101,Control
53169,Control
248347,Control
5009485,Control
3434569,Control
7443055,Control
175784,Control
6816772,Control
7449101,Control
2557009,Control
7049913,Control
3782323,Control
2664244,Control
8257910,Control
8623099,Control
4116051,Control
4255823,Control
2626001,Control
3195657,Control
226234,Control
4913174,Control
1808373,Control
651189,Control
8108273,Control
9348257,Control
274816,Control
3875362,Control
5264946,Control
7910385,Control
3798672,Control
1290934,Control
1899577,Control
545824,Control
2232190,Control
3889508,Control
9681783,Control
6705041,Control
9391886,Control
7120868,Control
2922807,Control
9472462,Control
3121442,Control
9758002,Control
4124913,Control
7738024,Control
8931027,Control
7850608,Control
5081463,Control
5870441,Control
5668063,Control
2208787,Control
7733877,Control
5462870,Control
1665286,Control
3957356,Control
6263924,Control
9266799,Control
2571936,Control
6972015,Control
5599201,Control
2888391,Control
4271845,Control
8086037,Control
8124,Control
1308781,Control
3468143,Control
7467270,Control
8362531,Control
8702464,Control
7758423,Control
3777351,Control
2576610,Control
9837958,Control
309189,Control
399065,Control
4514128,Control
1660648,Control
3288833,Control
9740309,Control
1353909,Control
3585961,Control
4395578,Control
1850728,Control
3721566,Control
8108589,Control
4503097,Control
1044443,Control
3220360,Control
6782743,Control
5577490,Control
3430448,Control
6244963,Control
3997514,Control
2866128,Control
7074200,Control
5422343,Control
6400868,Control
9969880,Control
9119625,Control
76424,Control
1615546,Control
2146627,Control
9910425,Control
5466359,Control
1885170,Control
7063037,Control
1844630,Control
608759,Control
7707391,Control
4582821,Control
7606958,Control
2378794,Control
4387103,Control
9083735,Control
1936336,Control
5186923,Control
5183929,Control
694557,Control
2454757,Control
6284746,Control
6503258,Control
8610616,Control
5996130,Control
3129289,Control
9153200,Control
8678456,Control
836311,Control
5951934,Control
3365922,Control
8534622,Control
6652467,Control
4239436,Control
5256443,Control
2010239,Control
7634807,Control
2837561,Control
739204,Control
293002,Control
1543918,Control
8362283,Control
5536337,Control
9209699,Control
6924266,Control
245646,Control
9373265,Control
3718714,Control
2648410,Control
2399540,Control
8100164,Control
4271947,Control
9419464,Control
404861,Control
5904861,Control
2058346,Control
9601433,Control
5780472,Control
6498706,Control
7066270,Control
8895190,Control
8015946,Control
4788887,Control
6426623,Control
9893323,Control
7922438,Control
4977550,Control
5468232,Control
7905811,Control
9950359,Control
4946844,Control
3142503,Control
8728515,Control
8984094,Control
7433598,Control
4499343,Control
1129748,Control
9195344,Control
2566413,Control
6428716,Control
433098,Control
8098139,Control
8684880,Control
4008427,Control
1333457,Control
9939260,Control
9376975,Control
4364429,Control
8730282,Control
5305116,Control
393005,Control
2908510,Control
